Sample in Buffer,Sample in Window,TRIGGER,input_L[23:0],output_L[23:0],r_data_rx[23:0],r_data_filt[23:0],sample_ok
Radix - UNSIGNED,UNSIGNED,UNSIGNED,SIGNED,SIGNED,SIGNED,SIGNED,HEX
0,0,0,-6934599,-5556357,-7001430,-4898017,1
1,1,0,-5994814,-5556357,-7001430,-5609390,1
2,2,0,-5994814,-5721156,-6053375,-5609390,1
3,3,0,-4946841,-5721156,-6053375,-5776042,1
4,4,0,-4946841,-5718999,-4994574,-5776042,1
5,5,0,-5103385,-5718999,-4994574,-5773917,1
6,6,0,-5103385,-6013216,-5152062,-5773917,1
7,7,0,-5515862,-6013216,-5152062,-6070893,1
8,8,0,-5515862,-6355937,-5569178,-6070893,1
9,9,0,-4631777,-6355937,-5569178,-6417090,1
10,10,0,-4631777,-6205933,-4676621,-6417090,1
11,11,0,-2940514,-6205933,-4676621,-6265930,1
12,12,0,-2940514,-5653639,-2969203,-6265930,1
13,13,0,-2158475,-5653639,-2969203,-5708322,1
14,14,0,-2158475,-5268641,-2179724,-5708322,1
15,15,0,-2352854,-5268641,-2179724,-5319425,1
16,16,0,-2352854,-5136101,-2375156,-5319425,1
17,17,0,-1798118,-5136101,-2375156,-5185528,1
18,18,0,-1798118,-4723025,-1816332,-5185528,1
19,19,0,-2388,-4723025,-1816332,-4768638,1
20,20,0,-2388,-3803162,-3148,-4768638,1
21,21,0,1455123,-3803162,-3148,-3840101,1
22,22,0,1455123,-2863922,1468028,-3840101,1
23,23,0,1570521,-2863922,1468028,-2891761,1
24,24,0,1570521,-2293567,1585699,-2891761,1
25,25,0,1620085,-2293567,1585699,-2315902,1
26,26,0,1620085,-1743640,1635576,-2315902,1
27,27,0,2938681,-1743640,1635576,-1760812,1
28,28,0,2938681,-749718,2966077,-1760812,1
29,29,0,4597902,-749718,2966077,-757608,1
30,30,0,4597902,446175,4641184,-757608,1
31,31,0,4997203,446175,4641184,449716,1
32,32,0,4997203,1278049,5044935,449716,1
33,33,0,4538571,1278049,5044935,1289864,1
34,34,0,4538571,1795933,4581985,1289864,1
35,35,0,4944321,1795933,4581985,1812874,1
36,36,0,4944321,2547790,4991103,1812874,1
37,37,0,6282491,2547790,4991103,2571830,1
38,38,0,6282491,3615000,6341938,2571830,1
39,39,0,6834684,3615000,6341938,3649096,1
40,40,0,6834684,4444404,6900636,3649096,1
41,41,0,6034776,4444404,6900636,4486542,1
42,42,0,6034776,4768962,6092527,4486542,1
43,43,0,5405128,4768962,6092527,4814354,1
44,44,0,5405128,5041059,5456754,4814354,1
45,45,0,5978611,5041059,5456754,5088989,1
46,46,0,5978611,5637825,6035862,5088989,1
47,47,0,6509864,5637825,6035862,5691462,1
48,48,0,6509864,6202067,6571981,5691462,1
49,49,0,5620985,6202067,6571981,6261287,1
50,50,0,5620985,6237660,5675621,6261287,1
51,51,0,4168773,6237660,5675621,6297405,1
52,52,0,4168773,5948962,4208932,6297405,1
53,53,0,3790646,5948962,4208932,6005956,1
54,54,0,3790646,5885447,3826726,6005956,1
55,55,0,4115133,5885447,3826726,5941718,1
56,56,0,4115133,6000391,4154590,5941718,1
57,57,0,3436966,6000391,4154590,6057890,1
58,58,0,3436966,5734685,3470197,6057890,1
59,59,0,1626889,5734685,3470197,5789836,1
60,60,0,1626889,4980045,1643011,5789836,1
61,61,0,405775,4980045,1643011,5028010,1
62,62,0,405775,4275970,409638,5028010,1
63,63,0,413838,4275970,409638,4317067,1
64,64,0,413838,3902858,417366,4317067,1
65,65,0,153847,3902858,417366,3940268,1
66,66,0,153847,3420115,155771,3940268,1
67,67,0,-1425267,3420115,155771,3453043,1
68,68,0,-1425267,2441392,-1438097,3453043,1
69,69,0,-3087977,2441392,-1438097,2465062,1
70,70,0,-3087977,1319503,-3117234,2465062,1
71,71,0,-3421849,1319503,-3117234,1332292,1
72,72,0,-3421849,570071,-3455196,1332292,1
73,73,0,-3187893,570071,-3455196,575544,1
74,74,0,-3187893,19183,-3218309,575544,1
75,75,0,-4017809,19183,-3218309,19505,1
76,76,0,-4017809,-869611,-4055502,19505,1
77,77,0,-5596531,-869611,-4055502,-877536,1
78,78,0,-5596531,-2048981,-5649673,-877536,1
79,79,0,-6166117,-2048981,-5649673,-2068246,1
80,80,0,-6166117,-2938648,-6224977,-2068246,1
81,81,0,-5529774,-2938648,-6224977,-2966722,1
82,82,0,-5529774,-3387586,-5583329,-2966722,1
83,83,0,-5358169,-3387586,-5583329,-3419999,1
84,84,0,-5358169,-3905112,-5409129,-3419999,1
85,85,0,-6334848,-3905112,-5409129,-3942231,1
86,86,0,-6334848,-4763761,-6394937,-3942231,1
87,87,0,-6959975,-4763761,-6394937,-4808919,1
88,88,0,-6959975,-5511967,-7026417,-4808919,1
89,89,0,-6126366,-5511967,-7026417,-5564507,1
90,90,0,-6126366,-5724354,-6185373,-5564507,1
91,91,0,-5005338,-5724354,-6185373,-5779175,1
92,92,0,-5005338,-5712940,-5053757,-5779175,1
93,93,0,-5046217,-5712940,-5053757,-5767605,1
94,94,0,-5046217,-5979363,-5095048,-5767605,1
95,95,0,-5523547,-5979363,-5095048,-6036379,1
96,96,0,-5523547,-6345550,-5576301,-6036379,1
97,97,0,-4779068,-6345550,-5576301,-6406053,1
98,98,0,-4779068,-6252003,-4825380,-6406053,1
99,99,0,-3085292,-6252003,-4825380,-6311903,1
100,100,0,-3085292,-5711672,-3115695,-6311903,1
101,101,0,-2174044,-5711672,-3115695,-5766693,1
102,102,0,-2174044,-5292301,-2195577,-5766693,1
103,103,0,-2340005,-5292301,-2195577,-5343346,1
104,104,0,-2340005,-5153926,-2362764,-5343346,1
105,105,0,-1916069,-5153926,-2362764,-5203575,1
106,106,0,-1916069,-4789280,-1935094,-5203575,1
107,107,0,-191467,-4789280,-1935094,-4835506,1
108,108,0,-191467,-3904372,-194204,-4835506,1
109,109,0,1372208,-3904372,-194204,-3942325,1
110,110,0,1372208,-2939776,1384755,-3942325,1
111,111,0,1590761,-2939776,1384755,-2968601,1
112,112,0,1590761,-2338283,1605674,-2968601,1
113,113,0,1569508,-2338283,1605674,-2361286,1
114,114,0,1569508,-1812790,1584040,-2361286,1
115,115,0,2760990,-1812790,1584040,-1830761,1
116,116,0,2760990,-863719,2786560,-1830761,1
117,117,0,4480943,-863719,2786560,-872674,1
118,118,0,4480943,339239,4523318,-872674,1
119,119,0,5017508,339239,4523318,341823,1
120,120,0,5017508,1217200,5065221,341823,1
121,121,0,4568743,1217200,5065221,1228318,1
122,122,0,4568743,1742368,4612502,1228318,1
123,123,0,4848030,1742368,4612502,1758537,1
124,124,0,4848030,2455591,4893450,1758537,1
125,125,0,6158693,2455591,4893450,2478508,1
126,126,0,6158693,3511760,6217140,2478508,1
127,127,0,6855169,3511760,6217140,3544782,1
128,128,0,6855169,4387596,6920694,3544782,1
129,129,0,6131080,4387596,6920694,4429178,1
130,130,0,6131080,4750224,6190565,4429178,1
131,131,0,5409928,4750224,6190565,4795347,1
132,132,0,5409928,5001767,5461300,4795347,1
133,133,0,5893796,5001767,5461300,5049188,1
134,134,0,5893796,5572926,5950022,5049188,1
135,135,0,6511776,5572926,5950022,5625763,1
136,136,0,6511776,6167640,6574107,5625763,1
137,137,0,5766672,6167640,6574107,6226446,1
138,138,0,5766672,6256737,5821881,6226446,1
139,139,0,4276529,6256737,5821881,6316709,1
140,140,0,4276529,5971928,4317718,6316709,1
141,141,0,3767037,5971928,4317718,6029173,1
142,142,0,3767037,5875159,3802999,6029173,1
143,143,0,4104591,5875159,3802999,5931329,1
144,144,0,4104591,5997857,4143418,5931329,1
145,145,0,3571763,5997857,4143418,6055138,1
146,146,0,3571763,5787698,3606329,6055138,1
147,147,0,1803966,5787698,3606329,5843112,1
148,148,0,1803966,5060888,1821955,5843112,1
149,149,0,459265,5060888,1821955,5109403,1
150,150,0,459265,4326547,463815,5109403,1
151,151,0,390030,4326547,463815,4367938,1
152,152,0,390030,3931922,393718,4367938,1
153,153,0,234414,3931922,393718,3969478,1
154,154,0,234414,3487113,237100,3969478,1
155,155,0,-1233854,3487113,237100,3520568,1
156,156,0,-1233854,2552486,-1245140,3520568,1
157,157,0,-2976524,2552486,-1245140,2577233,1
158,158,0,-2976524,1414847,-3005053,2577233,1
159,159,0,-3449078,1414847,-3005053,1428737,1
160,160,0,-3449078,622925,-3482273,1428737,1
161,161,0,-3175914,622925,-3482273,629117,1
162,162,0,-3175914,78935,-3206456,629117,1
163,163,0,-3884947,78935,-3206456,79936,1
164,164,0,-3884947,-764359,-3922245,79936,1
165,165,0,-5461997,-764359,-3922245,-771367,1
166,166,0,-5461997,-1939156,-5513716,-771367,1
167,167,0,-6178672,-1939156,-5513716,-1957512,1
168,168,0,-6178672,-2876665,-6237987,-1957512,1
169,169,0,-5600537,-2876665,-6237987,-2904209,1
170,170,0,-5600537,-3351929,-5654531,-2904209,1
171,171,0,-5313684,-3351929,-5654531,-3384146,1
172,172,0,-5313684,-3838951,-5364500,-3384146,1
173,173,0,-6212077,-3838951,-5364500,-3875718,1
174,174,0,-6212077,-4674747,-6271467,-3875718,1
175,175,0,-6953461,-4674747,-6271467,-4719395,1
176,176,0,-6953461,-5460962,-7020541,-4719395,1
177,177,0,-6248804,-5460962,-7020541,-5513187,1
178,178,0,-6248804,-5722269,-6309940,-5513187,1
179,179,0,-5072011,-5722269,-6309940,-5777127,1
180,180,0,-5072011,-5703319,-5120979,-5777127,1
181,181,0,-4993366,-5703319,-5120979,-5758041,1
182,182,0,-4993366,-5934338,-5041636,-5758041,1
183,183,0,-5511001,-5934338,-5041636,-5991253,1
184,184,0,-5511001,-6315464,-5563733,-5991253,1
185,185,0,-4919743,-6315464,-5563733,-6376278,1
186,186,0,-4919743,-6281281,-4967278,-6376278,1
187,187,0,-3239667,-6281281,-4967278,-6342077,1
188,188,0,-3239667,-5764794,-3270936,-6342077,1
189,189,0,-2203982,-5764794,-3270936,-5820721,1
190,190,0,-2203982,-5315232,-2225404,-5820721,1
191,191,0,-2316489,-5315232,-2225404,-5366624,1
192,192,0,-2316489,-5166707,-2338328,-5366624,1
193,193,0,-2024178,-5166707,-2338328,-5216458,1
194,194,0,-2024178,-4848908,-2043725,-5216458,1
195,195,0,-380944,-4848908,-2043725,-4895586,1
196,196,0,-380944,-4005598,-385990,-4895586,1
197,197,0,1277319,-4005598,-385990,-4044225,1
198,198,0,1277319,-3020735,1288878,-4044225,1
199,199,0,1611401,-3020735,1288878,-3049862,1
200,200,0,1611401,-2384192,1627199,-3049862,1
201,201,0,1524116,-2384192,1627199,-2407082,1
202,202,0,1524116,-1877568,1538714,-2407082,1
203,203,0,2595656,-1877568,1538714,-1895773,1
204,204,0,2595656,-974792,2620075,-1895773,1
205,205,0,4342113,-974792,2620075,-984702,1
206,206,0,4342113,229888,4383339,-984702,1
207,207,0,5036471,229888,4383339,231434,1
208,208,0,5036471,1153293,5083955,231434,1
209,209,0,4605779,1153293,5083955,1164002,1
210,210,0,4605779,1690728,4650267,1164002,1
211,211,0,4757680,1690728,4650267,1706856,1
212,212,0,4757680,2365658,4802837,1706856,1
213,213,0,6024991,2365658,4802837,2388170,1
214,214,0,6024991,3405990,6082067,2388170,1
215,215,0,6856823,3405990,6082067,3438218,1
216,216,0,6856823,4326256,6922421,3438218,1
217,217,0,6239974,4326256,6922421,4367309,1
218,218,0,6239974,4730671,6300429,4367309,1
219,219,0,5431115,4730671,6300429,4775725,1
220,220,0,5431115,4964868,5483247,4775725,1
221,221,0,5806752,4964868,5483247,5012177,1
222,222,0,5806752,5504712,5861523,5012177,1
223,223,0,6498775,5504712,5861523,5557138,1
224,224,0,6498775,6126727,6561331,5557138,1
225,225,0,5896157,6126727,6561331,6185218,1
226,226,0,5896157,6274816,5952965,6185218,1
227,227,0,4399021,6274816,5952965,6335034,1
228,228,0,4399021,6001039,4441643,6335034,1
229,229,0,3758750,6001039,4441643,6058630,1
230,230,0,3758750,5869202,3794312,6058630,1
231,231,0,4080151,5869202,3794312,5925340,1
232,232,0,4080151,5989641,4119221,5925340,1
233,233,0,3687236,5989641,4119221,6046906,1
234,234,0,3687236,5832428,3723276,6046906,1
235,235,0,1990542,5832428,3723276,5888446,1
236,236,0,1990542,5141310,2010308,5888446,1
237,237,0,528199,5141310,2010308,5190806,1
238,238,0,528199,4382122,533946,5190806,1
239,239,0,372046,4382122,533946,4424165,1
240,240,0,372046,3960696,375617,4424165,1
241,241,0,301889,3960696,375617,3998684,1
242,242,0,301889,3547180,304795,3998684,1
243,243,0,-1046097,3547180,304795,3581436,1
244,244,0,-1046097,2660563,-1055793,3581436,1
245,245,0,-2851326,2660563,-1055793,2686634,1
246,246,0,-2851326,1516252,-2878063,2686634,1
247,247,0,-3463486,1516252,-2878063,1531360,1
248,248,0,-3463486,682266,-3496423,1531360,1
249,249,0,-3184313,682266,-3496423,689152,1
250,250,0,-3184313,138231,-3214816,689152,1
251,251,0,-3756001,138231,-3214816,139731,1
252,252,0,-3756001,-661424,-3791619,139731,1
253,253,0,-5317293,-661424,-3791619,-667550,1
254,254,0,-5317293,-1826014,-5367399,-667550,1
255,255,0,-6183793,-1826014,-5367399,-1843163,1
256,256,0,-6183793,-2809837,-6242876,-1843163,1
257,257,0,-5675839,-2809837,-6242876,-2836426,1
258,258,0,-5675839,-3317151,-5730168,-2836426,1
259,259,0,-5282126,-3317151,-5730168,-3348690,1
260,260,0,-5282126,-3777051,-5332872,-3348690,1
261,261,0,-6096213,-3777051,-5332872,-3812934,1
262,262,0,-6096213,-4585807,-6153865,-3812934,1
263,263,0,-6940283,-4585807,-6153865,-4629313,1
264,264,0,-6940283,-5405501,-7006921,-4629313,1
265,265,0,-6373395,-5405501,-7006921,-5456887,1
266,266,0,-6373395,-5719678,-6434313,-5456887,1
267,267,0,-5150801,-5719678,-6434313,-5774290,1
268,268,0,-5150801,-5699431,-5200070,-5774290,1
269,269,0,-4944387,-5699431,-5200070,-5753913,1
270,270,0,-4944387,-5895568,-4991754,-5753913,1
271,271,0,-5495308,-5895568,-4991754,-5951863,1
272,272,0,-5495308,-6287974,-5547636,-5951863,1
273,273,0,-5041886,-6287974,-5547636,-6348013,1
274,274,0,-5041886,-6312227,-5090763,-6348013,1
275,275,0,-3403894,-6312227,-5090763,-6372564,1
276,276,0,-3403894,-5822207,-3436832,-6372564,1
277,277,0,-2239488,-5822207,-3436832,-5877937,1
278,278,0,-2239488,-5343325,-2260780,-5877937,1
279,279,0,-2289648,-5343325,-2260780,-5394412,1
280,280,0,-2289648,-5178660,-2311461,-5394412,1
281,281,0,-2117143,-5178660,-2311461,-5228249,1
282,282,0,-2117143,-4903601,-2137440,-5228249,1
283,283,0,-573351,-4903601,-2137440,-4950718,1
284,284,0,-573351,-4104335,-579785,-4950718,1
285,285,0,1169047,-4104335,-579785,-4143876,1
286,286,0,1169047,-3103188,1180152,-4143876,1
287,287,0,1628938,-3103188,1180152,-3133047,1
288,288,0,1628938,-2429966,1644104,-3133047,1
289,289,0,1500452,-2429966,1644104,-2453208,1
290,290,0,1500452,-1937608,1514473,-2453208,1
291,291,0,2430342,-1937608,1514473,-1956264,1
292,292,0,2430342,-1083471,2452650,-1956264,1
293,293,0,4194884,-1083471,2452650,-1094165,1
294,294,0,4194884,117109,4234205,-1094165,1
295,295,0,5038963,117109,4234205,117810,1
296,296,0,5038963,1087026,5086707,117810,1
297,297,0,4648741,1087026,5086707,1097046,1
298,298,0,4648741,1643066,4693356,1097046,1
299,299,0,4686524,1643066,4693356,1658364,1
300,300,0,4686524,2281055,4731423,1658364,1
301,301,0,5893466,2281055,4731423,2302248,1
302,302,0,5893466,3298304,5949220,2302248,1
303,303,0,6837673,3298304,5949220,3329141,1
304,304,0,6837673,4257620,6903091,3329141,1
305,305,0,6336152,4257620,6903091,4297794,1
306,306,0,6336152,4709403,6396821,4297794,1
307,307,0,5471057,4709403,6396821,4754226,1
308,308,0,5471057,4933956,5523460,4754226,1
309,309,0,5724910,4933956,5523460,4981045,1
310,310,0,5724910,5441139,5779007,4981045,1
311,311,0,6472879,5441139,5779007,5493030,1
312,312,0,6472879,6080686,6534418,5493030,1
313,313,0,6020876,6080686,6534418,6138670,1
314,314,0,6020876,6285214,6078819,6138670,1
315,315,0,4529632,6285214,6078819,6345268,1
316,316,0,4529632,6029561,4573601,6345268,1
317,317,0,3756692,6029561,4573601,6087171,1
318,318,0,3756692,5866958,3792505,6087171,1
319,319,0,4054306,5866958,3792505,5922828,1
320,320,0,4054306,5981194,4092698,5922828,1
321,321,0,3795518,5981194,4092698,6038130,1
322,322,0,3795518,5873493,3831618,6038130,1
323,323,0,2179080,5873493,3831618,5929663,1
324,324,0,2179080,5221738,2200334,5929663,1
325,325,0,611220,5221738,2200334,5271934,1
326,326,0,611220,4441450,617645,5271934,1
327,327,0,349022,4441450,617645,4484101,1
328,328,0,349022,3991232,352188,4484101,1
329,329,0,356131,3991232,352188,4029313,1
330,330,0,356131,3605747,359962,4029313,1
331,331,0,-865195,3605747,359962,3640087,1
332,332,0,-865195,2769013,-873122,3640087,1
333,333,0,-2714129,2769013,-873122,2795600,1
334,334,0,-2714129,1620966,-2739952,2795600,1
335,335,0,-3463467,1620966,-2739952,1636738,1
336,336,0,-3463467,742744,-3497168,1636738,1
337,337,0,-3201430,742744,-3497168,750123,1
338,338,0,-3201430,192643,-3232172,750123,1
339,339,0,-3637682,192643,-3232172,194725,1
340,340,0,-3637682,-564024,-3672137,194725,1
341,341,0,-5171921,-564024,-3672137,-569167,1
342,342,0,-5171921,-1710959,-5221328,-569167,1
343,343,0,-6167423,-1710959,-5221328,-1727187,1
344,344,0,-6167423,-2736798,-6226451,-1727187,1
345,345,0,-5750573,-2736798,-6226451,-2763083,1
346,346,0,-5750573,-3280243,-5806038,-2763083,1
347,347,0,-5266819,-3280243,-5806038,-3311770,1
348,348,0,-5266819,-3719082,-5317195,-3311770,1
349,349,0,-5988603,-3719082,-5317195,-3754667,1
350,350,0,-5988603,-4498056,-6045662,-3754667,1
351,351,0,-6911943,-4498056,-6045662,-4540972,1
352,352,0,-6911943,-5344332,-6978300,-4540972,1
353,353,0,-6478413,-5344332,-6978300,-5395462,1
354,354,0,-6478413,-5712335,-6540487,-5395462,1
355,355,0,-5248571,-5712335,-6540487,-5767129,1
356,356,0,-5248571,-5698561,-5299427,-5767129,1
357,357,0,-4912951,-5698561,-5299427,-5753190,1
358,358,0,-4912951,-5862342,-4960275,-5753190,1
359,359,0,-5452222,-5862342,-4960275,-5918458,1
360,360,0,-5452222,-6257627,-5504027,-5918458,1
361,361,0,-5159194,-6257627,-5504027,-6317507,1
362,362,0,-5159194,-6336140,-5209222,-6317507,1
363,363,0,-3566109,-6336140,-5209222,-6396934,1
364,364,0,-3566109,-5879819,-3601159,-6396934,1
365,365,0,-2287252,-5879819,-3601159,-5936409,1
366,366,0,-2287252,-5375758,-2310151,-5936409,1
367,367,0,-2269951,-5375758,-2310151,-5427465,1
368,368,0,-2269951,-5189689,-2291766,-5427465,1
369,369,0,-2191152,-5189689,-2291766,-5239546,1
370,370,0,-2191152,-4950142,-2212418,-5239546,1
371,371,0,-765356,-4950142,-2212418,-4997814,1
372,372,0,-765356,-4198267,-773112,-4997814,1
373,373,0,1044149,-4198267,-773112,-4239076,1
374,374,0,1044149,-3189440,1053608,-4239076,1
375,375,0,1639627,-3189440,1053608,-3220731,1
376,376,0,1639627,-2478709,1654936,-3220731,1
377,377,0,1484453,-2478709,1654936,-2503001,1
378,378,0,1484453,-1995688,1498736,-2503001,1
379,379,0,2285608,-1995688,1498736,-2015157,1
380,380,0,2285608,-1189663,2306622,-2015157,1
381,381,0,4041912,-1189663,2306622,-1201395,1
382,382,0,4041912,942,4080177,-1201395,1
383,383,0,5019968,942,4080177,516,1
384,384,0,5019968,1014281,5067614,516,1
385,385,0,4701374,1014281,5067614,1023623,1
386,386,0,4701374,1596336,4746887,1023623,1
387,387,0,4619857,1596336,4746887,1611279,1
388,388,0,4619857,2203765,4663476,1611279,1
389,389,0,5755438,2203765,4663476,2224461,1
390,390,0,5755438,3193257,5809203,2224461,1
391,391,0,6810983,3193257,5809203,3223339,1
392,392,0,6810983,4184954,6876136,3223339,1
393,393,0,6431822,4184954,6876136,4224678,1
394,394,0,6431822,4683989,6493383,4224678,1
395,395,0,5508064,4683989,6493383,4728688,1
396,396,0,5508064,4903096,5560856,4728688,1
397,397,0,5656658,4903096,5560856,4949709,1
398,398,0,5656658,5377250,5710328,4949709,1
399,399,0,6433824,5377250,5710328,5428157,1
400,400,0,6433824,6030630,6494658,5428157,1
401,401,0,6128404,6030630,6494658,6087798,1
402,402,0,6128404,6291357,6187514,6087798,1
403,403,0,4673271,6291357,6187514,6351353,1
404,404,0,4673271,6057945,4718748,6351353,1
405,405,0,3775981,6057945,4718748,6115866,1
406,406,0,3775981,5865986,3811518,6115866,1
407,407,0,4012009,5865986,3811518,5921874,1
408,408,0,4012009,5969535,4050295,5921874,1
409,409,0,3885641,5969535,4050295,6026353,1
410,410,0,3885641,5908882,3923026,6026353,1
411,411,0,2363501,5908882,3923026,5965386,1
412,412,0,2363501,5302144,2386568,5965386,1
413,413,0,712854,5302144,2386568,5353067,1
414,414,0,712854,4506623,719814,5353067,1
415,415,0,326105,4506623,719814,4549862,1
416,416,0,326105,4022544,329153,4549862,1
417,417,0,398632,4022544,329153,4060963,1
418,418,0,398632,3655653,402577,4060963,1
419,419,0,-690874,3655653,402577,3690643,1
420,420,0,-690874,2870400,-697143,3690643,1
421,421,0,-2559250,2870400,-697143,2898090,1
422,422,0,-2559250,1727501,-2583529,2898090,1
423,423,0,-3463393,1727501,-2583529,1744250,1
424,424,0,-3463393,806815,-3496248,1744250,1
425,425,0,-3213475,806815,-3496248,814654,1
426,426,0,-3213475,245185,-3244172,814654,1
427,427,0,-3537912,245185,-3244172,247630,1
428,428,0,-3537912,-469763,-3571136,247630,1
429,429,0,-5014890,-469763,-3571136,-474078,1
430,430,0,-5014890,-1594154,-5062322,-474078,1
431,431,0,-6138526,-1594154,-5062322,-1609154,1
432,432,0,-6138526,-2658101,-6197303,-1609154,1
433,433,0,-5828825,-2658101,-6197303,-2683305,1
434,434,0,-5828825,-3241770,-5884793,-2683305,1
435,435,0,-5261922,-3241770,-5884793,-3272537,1
436,436,0,-5261922,-3663651,-5312568,-3272537,1
437,437,0,-5880175,-3663651,-5312568,-3698340,1
438,438,0,-5880175,-4409666,-5936420,-3698340,1
439,439,0,-6871529,-4409666,-5936420,-4451465,1
440,440,0,-6871529,-5278783,-6936878,-4451465,1
441,441,0,-6583725,-5278783,-6936878,-5329050,1
442,442,0,-6583725,-5701782,-6647745,-5329050,1
443,443,0,-5342223,-5701782,-6647745,-5756375,1
444,444,0,-5342223,-5700109,-5393310,-5756375,1
445,445,0,-4886117,-5700109,-5393310,-5754818,1
446,446,0,-4886117,-5830885,-4932562,-5754818,1
447,447,0,-5415494,-5830885,-4932562,-5886736,1
448,448,0,-5415494,-6224769,-5467828,-5886736,1
449,449,0,-5253937,-6224769,-5467828,-6284411,1
450,450,0,-5253937,-6355303,-5304943,-6284411,1
451,451,0,-3736074,-6355303,-5304943,-6416313,1
452,452,0,-3736074,-5934910,-3772368,-6416313,1
453,453,0,-2356972,-5934910,-3772368,-5991912,1
454,454,0,-2356972,-5409461,-2380059,-5991912,1
455,455,0,-2237795,-5409461,-2380059,-5461366,1
456,456,0,-2237795,-5199921,-2258938,-5461366,1
457,457,0,-2255525,-5199921,-2258938,-5249864,1
458,458,0,-2255525,-4993343,-2277378,-5249864,1
459,459,0,-950334,-4993343,-2277378,-5041578,1
460,460,0,-950334,-4291983,-960184,-5041578,1
461,461,0,906250,-4291983,-960184,-4333652,1
462,462,0,906250,-3279752,914212,-4333652,1
463,463,0,1648320,-3279752,914212,-3311571,1
464,464,0,1648320,-2530303,1663534,-3311571,1
465,465,0,1474797,-2530303,1663534,-2554739,1
466,466,0,1474797,-2048895,1488454,-2554739,1
467,467,0,2144822,-2048895,1488454,-2068716,1
468,468,0,2144822,-1290392,2164676,-2068716,1
469,469,0,3874715,-1290392,2164676,-1303155,1
470,470,0,3874715,-115942,3910990,-1303155,1
471,471,0,4999032,-115942,3910990,-117678,1
472,472,0,4999032,938768,5046145,-117678,1
473,473,0,4753100,938768,5046145,947126,1
474,474,0,4753100,1549545,4798478,947126,1
475,475,0,4575714,1549545,4798478,1563804,1
476,476,0,4575714,2127200,4619161,1563804,1
477,477,0,5613908,2127200,4619161,2146953,1
478,478,0,5613908,3085520,5667085,2146953,1
479,479,0,6764201,3085520,5667085,3114359,1
480,480,0,6764201,4107408,6828333,3114359,1
481,481,0,6521232,4107408,6828333,4146075,1
482,482,0,6521232,4659009,6583812,4146075,1
483,483,0,5565651,4659009,6583812,4703125,1
484,484,0,5565651,4878532,5619339,4703125,1
485,485,0,5590296,4878532,5619339,4924856,1
486,486,0,5590296,5316198,5643280,4924856,1
487,487,0,6378602,5316198,5643280,5366659,1
488,488,0,6378602,5975423,6439302,5366659,1
489,489,0,6234810,5975423,6439302,6032196,1
490,490,0,6234810,6291566,6294280,6032196,1
491,491,0,4811872,6291566,6294280,6351612,1
492,492,0,4811872,6088065,4858575,6351612,1
493,493,0,3799314,6088065,4858575,6146341,1
494,494,0,3799314,5868763,3835482,6146341,1
495,495,0,3979821,5868763,3835482,5924868,1
496,496,0,3979821,5956362,4017766,5924868,1
497,497,0,3958764,5956362,4017766,6013116,1
498,498,0,3958764,5937985,3996841,6013116,1
499,499,0,2549315,5937985,3996841,5994654,1
500,500,0,2549315,5378475,2574301,5994654,1
501,501,0,823733,5378475,2574301,5430010,1
502,502,0,823733,4572964,832198,5430010,1
503,503,0,317802,4572964,832198,4616825,1
504,504,0,317802,4054898,320798,4616825,1
505,505,0,427599,4054898,320798,4093733,1
506,506,0,427599,3704170,431649,4093733,1
507,507,0,-526973,3704170,431649,3739702,1
508,508,0,-526973,2969813,-531395,3739702,1
509,509,0,-2401671,2969813,-531395,2998567,1
510,510,0,-2401671,1837183,-2423949,2998567,1
511,511,0,-3434971,1837183,-2423949,1855180,1
512,512,0,-3434971,876813,-3467738,1855180,1
513,513,0,-3248831,876813,-3467738,885474,1
514,514,0,-3248831,297890,-3280357,885474,1
515,515,0,-3440995,297890,-3280357,300912,1
516,516,0,-3440995,-380598,-3473624,300912,1
517,517,0,-4857560,-380598,-3473624,-383937,1
518,518,0,-4857560,-1477450,-4903505,-383937,1
519,519,0,-6093435,-1477450,-4903505,-1491137,1
520,520,0,-6093435,-2574681,-6151286,-1491137,1
521,521,0,-5903250,-2574681,-6151286,-2599019,1
522,522,0,-5903250,-3201644,-5960356,-2599019,1
523,523,0,-5275510,-3201644,-5960356,-3232225,1
524,524,0,-5275510,-3612161,-5326438,-3232225,1
525,525,0,-5771212,-3612161,-5326438,-3646666,1
526,526,0,-5771212,-4323315,-5826226,-3646666,1
527,527,0,-6804768,-4323315,-5826226,-4364403,1
528,528,0,-6804768,-5207576,-6869785,-4364403,1
529,529,0,-6685153,-5207576,-6869785,-5257129,1
530,530,0,-6685153,-5687589,-6749284,-5257129,1
531,531,0,-5454346,-5687589,-6749284,-5742052,1
532,532,0,-5454346,-5703751,-5506420,-5742052,1
533,533,0,-4868159,-5703751,-5506420,-5758573,1
534,534,0,-4868159,-5800379,-4915365,-5758573,1
535,535,0,-5368324,-5800379,-4915365,-5856049,1
536,536,0,-5368324,-6185388,-5419145,-5856049,1
537,537,0,-5334331,-6185388,-5419145,-6244574,1
538,538,0,-5334331,-6367383,-5385508,-6244574,1
539,539,0,-3909822,-6367383,-5385508,-6428278,1
540,540,0,-3909822,-5991950,-3948188,-6428278,1
541,541,0,-2434965,-5991950,-3948188,-6049389,1
542,542,0,-2434965,-5449889,-2459202,-6049389,1
543,543,0,-2217327,-5449889,-2459202,-5502142,1
544,544,0,-2217327,-5210319,-2238597,-5502142,1
545,545,0,-2294667,-5210319,-2238597,-5260204,1
546,546,0,-2294667,-5030392,-2317182,-5260204,1
547,547,0,-1129957,-5030392,-2317182,-5078652,1
548,548,0,-1129957,-4381816,-1141536,-5078652,1
549,549,0,759430,-4381816,-1141536,-4424172,1
550,550,0,759430,-3373637,765714,-4424172,1
551,551,0,1628609,-3373637,765714,-3406580,1
552,552,0,1628609,-2584972,1644046,-3406580,1
553,553,0,1480410,-2584972,1644046,-2610289,1
554,554,0,1480410,-2098075,1494633,-2610289,1
555,555,0,2018678,-2098075,1494633,-2118639,1
556,556,0,2018678,-1384365,2037197,-2118639,1
557,557,0,3709506,-1384365,2037197,-1398225,1
558,558,0,3709506,-234543,3744126,-1398225,1
559,559,0,4952817,-234543,3744126,-237488,1
560,560,0,4952817,854256,4999630,-237488,1
561,561,0,4806290,854256,4999630,861935,1
562,562,0,4806290,1499330,4852316,861935,1
563,563,0,4536975,1499330,4852316,1513350,1
564,564,0,4536975,2056198,4580351,1513350,1
565,565,0,5479603,2056198,4580351,2075456,1
566,566,0,5479603,2981656,5531015,2075456,1
567,567,0,6702572,2981656,5531015,3009542,1
568,568,0,6702572,4024786,6765739,3009542,1
569,569,0,6603923,4024786,6765739,4062686,1
570,570,0,6603923,4627326,6667345,4062686,1
571,571,0,5637523,4627326,6667345,4671270,1
572,572,0,5637523,4853246,5691181,4671270,1
573,573,0,5525655,4853246,5691181,4899419,1
574,574,0,5525655,5257124,5578104,4899419,1
575,575,0,6323220,5257124,5578104,5306920,1
576,576,0,6323220,5917456,6383372,5306920,1
577,577,0,6316557,5917456,6383372,5973448,1
578,578,0,6316557,6288174,6376621,5973448,1
579,579,0,4966445,6288174,6376621,6347880,1
580,580,0,4966445,6118518,5014289,6347880,1
581,581,0,3838713,6118518,5014289,6176814,1
582,582,0,3838713,5875726,3875125,6176814,1
583,583,0,3934836,5875726,3875125,5931692,1
584,584,0,3934836,5941980,3972147,5931692,1
585,585,0,4019905,5941980,3972147,5998467,1
586,586,0,4019905,5961767,4059152,5998467,1
587,587,0,2730259,5961767,4059152,6018553,1
588,588,0,2730259,5454564,2757422,6018553,1
589,589,0,945404,5454564,2757422,5506627,1
590,590,0,945404,4643735,954872,5506627,1
591,591,0,313355,4643735,954872,4688051,1
592,592,0,313355,4089006,315827,4688051,1
593,593,0,445125,4089006,315827,4128097,1
594,594,0,445125,3746296,449482,4128097,1
595,595,0,-375418,3746296,449482,3782410,1
596,596,0,-375418,3063275,-379018,3782410,1
597,597,0,-2229719,3063275,-379018,3093207,1
598,598,0,-2229719,1947484,-2250455,3093207,1
599,599,0,-3403659,1947484,-2250455,1966648,1
600,600,0,-3403659,948972,-3436247,1966648,1
601,601,0,-3279181,948972,-3436247,958207,1
602,602,0,-3279181,347808,-3310344,958207,1
603,603,0,-3365918,347808,-3310344,351063,1
604,604,0,-3365918,-296320,-3398127,351063,1
605,605,0,-4692901,-296320,-3398127,-299114,1
606,606,0,-4692901,-1361497,-4736708,-299114,1
607,607,0,-6033366,-1361497,-4736708,-1374315,1
608,608,0,-6033366,-2486732,-6091171,-1374315,1
609,609,0,-5966572,-2486732,-6091171,-2510299,1
610,610,0,-5966572,-3160132,-6023357,-2510299,1
611,611,0,-5301910,-3160132,-6023357,-3190205,1
612,612,0,-5301910,-3564578,-5352656,-3190205,1
613,613,0,-5674196,-3564578,-5352656,-3598436,1
614,614,0,-5674196,-4238467,-5728459,-3598436,1
615,615,0,-6735701,-4238467,-5728459,-4278634,1
616,616,0,-6735701,-5130724,-6800309,-4278634,1
617,617,0,-6763405,-5130724,-6800309,-5179426,1
618,618,0,-6763405,-5665618,-6828349,-5179426,1
619,619,0,-5573378,-5665618,-6828349,-5719572,1
620,620,0,-5573378,-5707457,-5627256,-5719572,1
621,621,0,-4869037,-5707457,-5627256,-5761979,1
622,622,0,-4869037,-5775888,-4915984,-5761979,1
623,623,0,-5305669,-5775888,-4915984,-5831125,1
624,624,0,-5305669,-6147491,-5356215,-5831125,1
625,625,0,-5407387,-6147491,-5356215,-6206396,1
626,626,0,-5407387,-6374115,-5459386,-6206396,1
627,627,0,-4083687,-6374115,-5459386,-6435321,1
628,628,0,-4083687,-6046325,-4122894,-6435321,1
629,629,0,-2530389,-6046325,-4122894,-6104524,1
630,630,0,-2530389,-5492450,-2554723,-6104524,1
631,631,0,-2189062,-5492450,-2554723,-5545308,1
632,632,0,-2189062,-5221762,-2210012,-5545308,1
633,633,0,-2329395,-5221762,-2210012,-5271907,1
634,634,0,-2329395,-5062997,-2351689,-5271907,1
635,635,0,-1301009,-5062997,-2351689,-5111536,1
636,636,0,-1301009,-4469567,-1314341,-5111536,1
637,637,0,601851,-4469567,-1314341,-4512447,1
638,638,0,601851,-3470847,606869,-4512447,1
639,639,0,1610779,-3470847,606869,-3504187,1
640,640,0,1610779,-2642136,1626081,-3504187,1
641,641,0,1495943,-2642136,1626081,-2667482,1
642,642,0,1495943,-2144663,1509963,-2667482,1
643,643,0,1902983,-2144663,1509963,-2165355,1
644,644,0,1902983,-1474504,1921008,-2165355,1
645,645,0,3524634,-1474504,1921008,-1489033,1
646,646,0,3524634,-352824,3557550,-1489033,1
647,647,0,4899840,-352824,3557550,-356761,1
648,648,0,4899840,769868,4946089,-356761,1
649,649,0,4852962,769868,4946089,776754,1
650,650,0,4852962,1452997,4899583,776754,1
651,651,0,4517785,1452997,4899583,1466611,1
652,652,0,4517785,1989018,4560723,1466611,1
653,653,0,5349415,1989018,4560723,2007738,1
654,654,0,5349415,2875248,5399879,2007738,1
655,655,0,6623139,2875248,5399879,2902274,1
656,656,0,6623139,3934013,6686106,2902274,1
657,657,0,6679135,3934013,6686106,3971174,1
658,658,0,6679135,4591197,6743468,3971174,1
659,659,0,5717462,4591197,6743468,4634795,1
660,660,0,5717462,4831862,5772432,4634795,1
661,661,0,5483914,4831862,5772432,4877835,1
662,662,0,5483914,5201881,5535548,4877835,1
663,663,0,6249124,5201881,5535548,5251281,1
664,664,0,6249124,5856941,6308421,5251281,1
665,665,0,6383815,5856941,6308421,5912629,1
666,666,0,6383815,6278388,6444951,5912629,1
667,667,0,5118652,6278388,6444951,6338392,1
668,668,0,5118652,6150017,5168308,6338392,1
669,669,0,3893903,6150017,5168308,6208885,1
670,670,0,3893903,5888642,3931079,6208885,1
671,671,0,3896298,5888642,3931079,5944783,1
672,672,0,3896298,5927922,3933220,5944783,1
673,673,0,4070257,5927922,3933220,5984250,1
674,674,0,4070257,5977908,4109399,5984250,1
675,675,0,2902831,5977908,4109399,6034933,1
676,676,0,2902831,5524549,2930853,6034933,1
677,677,0,1088410,5524549,2930853,5577557,1
678,678,0,1088410,4717640,1099097,5577557,1
679,679,0,313031,4717640,1099097,4762928,1
680,680,0,313031,4128332,316250,4762928,1
681,681,0,449773,4128332,316250,4167832,1
682,682,0,449773,3788212,453699,4167832,1
683,683,0,-232626,3788212,453699,3824432,1
684,684,0,-232626,3154985,-234147,3824432,1
685,685,0,-2050785,3154985,-234147,3185306,1
686,686,0,-2050785,2060993,-2069755,3185306,1
687,687,0,-3356284,2060993,-2069755,2080957,1
688,688,0,-3356284,1026073,-3388662,2080957,1
689,689,0,-3317152,1026073,-3388662,1036034,1
690,690,0,-3317152,396906,-3349317,1036034,1
691,691,0,-3298684,396906,-3349317,400815,1
692,692,0,-3298684,-217403,-3330545,400815,1
693,693,0,-4533184,-217403,-3330545,-219228,1
694,694,0,-4533184,-1245607,-4576421,-219228,1
695,695,0,-5953897,-1245607,-4576421,-1257180,1
696,696,0,-5953897,-2393835,-6010689,-1257180,1
697,697,0,-6029395,-2393835,-6010689,-2416564,1
698,698,0,-6029395,-3115950,-6087235,-2416564,1
699,699,0,-5336678,-3115950,-6087235,-3145935,1
700,700,0,-5336678,-3520294,-5387932,-3145935,1
701,701,0,-5583751,-3520294,-5387932,-3554240,1
702,702,0,-5583751,-4155915,-5637090,-3554240,1
703,703,0,-6658840,-4155915,-5637090,-4195775,1
704,704,0,-6658840,-5050280,-6722443,-4195775,1
705,705,0,-6828720,-5050280,-6722443,-5098572,1
706,706,0,-6828720,-5639236,-6894700,-5098572,1
707,707,0,-5697573,-5639236,-6894700,-5693194,1
708,708,0,-5697573,-5711647,-5752143,-5693194,1
709,709,0,-4877457,-5711647,-5752143,-5766367,1
710,710,0,-4877457,-5754993,-4923764,-5766367,1
711,711,0,-5244371,-5754993,-4923764,-5810099,1
712,712,0,-5244371,-6108424,-5294629,-5810099,1
713,713,0,-5461957,-6108424,-5294629,-6166944,1
714,714,0,-5461957,-6375895,-5514859,-6166944,1
715,715,0,-4254877,-6375895,-5514859,-6437072,1
716,716,0,-4254877,-6098067,-4296513,-6437072,1
717,717,0,-2638185,-6098067,-4296513,-6156568,1
718,718,0,-2638185,-5537314,-2663672,-6156568,1
719,719,0,-2170725,-5537314,-2663672,-5590314,1
720,720,0,-2170725,-5233949,-2191215,-5590314,1
721,721,0,-2349941,-5233949,-2191215,-5284051,1
722,722,0,-2349941,-5090704,-2372548,-5284051,1
723,723,0,-1463204,-5090704,-2372548,-5139747,1
724,724,0,-1463204,-4552555,-1477951,-5139747,1
725,725,0,428036,-4552555,-1477951,-4596691,1
726,726,0,428036,-3569862,431033,-4596691,1
727,727,0,1581950,-3569862,431033,-3604469,1
728,728,0,1581950,-2703920,1596960,-3604469,1
729,729,0,1513098,-2703920,1596960,-2729954,1
730,730,0,1513098,-2190420,1527011,-2729954,1
731,731,0,1799212,-2190420,1527011,-2211491,1
732,732,0,1799212,-1561329,1815524,-2211491,1
733,733,0,3348999,-1561329,1815524,-1576694,1
734,734,0,3348999,-473033,3380504,-1576694,1
735,735,0,4831822,-473033,3380504,-478216,1
736,736,0,4831822,678151,4877391,-478216,1
737,737,0,4901290,678151,4877391,684013,1
738,738,0,4901290,1402820,4948004,684013,1
739,739,0,4507912,1402820,4948004,1415678,1
740,740,0,4507912,1926059,4550807,1415678,1
741,741,0,5216451,1926059,4550807,1943888,1
742,742,0,5216451,2773654,5265833,1943888,1
743,743,0,6537714,2773654,5265833,2799508,1
744,744,0,6537714,3843570,6599743,2799508,1
745,745,0,6743177,3843570,6599743,3879764,1
746,746,0,6743177,4553703,6807590,3879764,1
747,747,0,5803905,4553703,6807590,4596862,1
748,748,0,5803905,4811164,5860117,4596862,1
749,749,0,5445112,4811164,5860117,4856860,1
750,750,0,5445112,5148094,5496466,4856860,1
751,751,0,6173330,5148094,5496466,5196978,1
752,752,0,6173330,5793195,6231948,5196978,1
753,753,0,6440362,5793195,6231948,5848216,1
754,754,0,6440362,6263505,6501763,5848216,1
755,755,0,5269998,6263505,6501763,6323250,1
756,756,0,5269998,6179452,5320883,6323250,1
757,757,0,3959842,6179452,5320883,6238557,1
758,758,0,3959842,5902559,3997439,6238557,1
759,759,0,3853804,5902559,3997439,5958920,1
760,760,0,3853804,5913576,3889897,5958920,1
761,761,0,4099844,5913576,3889897,5969836,1
762,762,0,4099844,5990261,4139341,5969836,1
763,763,0,3074092,5990261,4139341,6047305,1
764,764,0,3074092,5592186,3104014,6047305,1
765,765,0,1235750,5592186,3104014,5645650,1
766,766,0,1235750,4792394,1247708,5645650,1
767,767,0,332844,4792394,1247708,4838138,1
768,768,0,332844,4166315,335560,4838138,1
769,769,0,442184,4166315,335560,4205944,1
770,770,0,442184,3823463,446080,4205944,1
771,771,0,-98176,3823463,446080,3859912,1
772,772,0,-98176,3239401,-99490,3859912,1
773,773,0,-1865421,3239401,-99490,3270547,1
774,774,0,-1865421,2175405,-1883191,3270547,1
775,775,0,-3295806,2175405,-1883191,2196400,1
776,776,0,-3295806,1109069,-3326996,2196400,1
777,777,0,-3352616,1109069,-3326996,1119598,1
778,778,0,-3352616,447967,-3385190,1119598,1
779,779,0,-3247796,447967,-3385190,451946,1
780,780,0,-3247796,-140913,-3279248,451946,1
781,781,0,-4377354,-140913,-3279248,-142563,1
782,782,0,-4377354,-1130209,-4419423,-142563,1
783,783,0,-5862872,-1130209,-4419423,-1141120,1
784,784,0,-5862872,-2295402,-5919077,-1141120,1
785,785,0,-6082172,-2295402,-5919077,-2317369,1
786,786,0,-6082172,-3068219,-6140709,-2317369,1
787,787,0,-5386217,-3068219,-6140709,-3097676,1
788,788,0,-5386217,-3479085,-5438232,-3097676,1
789,789,0,-5498897,-3479085,-5438232,-3512638,1
790,790,0,-5498897,-4077761,-5551243,-3512638,1
791,791,0,-6561806,-4077761,-5551243,-4117066,1
792,792,0,-6561806,-4968330,-6624351,-4117066,1
793,793,0,-6887371,-4968330,-6624351,-5016085,1
794,794,0,-6887371,-5608766,-6953625,-5016085,1
795,795,0,-5825441,-5608766,-6953625,-5662692,1
796,796,0,-5825441,-5716416,-5881539,-5662692,1
797,797,0,-4897826,-5716416,-5881539,-5771359,1
798,798,0,-4897826,-5735845,-4945060,-5771359,1
799,799,0,-5184108,-5735845,-4945060,-5790813,1
800,800,0,-5184108,-6065850,-5233805,-5790813,1
801,801,0,-5500099,-6065850,-5233805,-6123859,1
802,802,0,-5500099,-6370276,-5553584,-6123859,1
803,803,0,-4415358,-6370276,-5553584,-6431282,1
804,804,0,-4415358,-6147441,-4458213,-6431282,1
805,805,0,-2757340,-6147441,-4458213,-6206521,1
806,806,0,-2757340,-5586446,-2784401,-6206521,1
807,807,0,-2163815,-5586446,-2784401,-5640216,1
808,808,0,-2163815,-5248336,-2185036,-5640216,1
809,809,0,-2356008,-5248336,-2185036,-5298912,1
810,810,0,-2356008,-5113489,-2378655,-5298912,1
811,811,0,-1617806,-5113489,-2378655,-5162896,1
812,812,0,-1617806,-4628567,-1634019,-5162896,1
813,813,0,250185,-4628567,-1634019,-4673472,1
814,814,0,250185,-3668259,251216,-4673472,1
815,815,0,1534110,-3668259,251216,-3704016,1
816,816,0,1534110,-2769097,1548391,-3704016,1
817,817,0,1536090,-2769097,1548391,-2796109,1
818,818,0,1536090,-2235787,1550858,-2796109,1
819,819,0,1716952,-2235787,1550858,-2257622,1
820,820,0,1716952,-1643376,1732731,-2257622,1
821,821,0,3169938,-1643376,1732731,-1659693,1
822,822,0,3169938,-592813,3199696,-1659693,1
823,823,0,4741612,-592813,3199696,-599267,1
824,824,0,4741612,580993,4786135,-599267,1
825,825,0,4946140,580993,4786135,585855,1
826,826,0,4946140,1351166,4993197,585855,1
827,827,0,4511810,1351166,4993197,1363650,1
828,828,0,4511810,1868473,4554996,1363650,1
829,829,0,5097433,1868473,4554996,1885996,1
830,830,0,5097433,2675360,5145280,1885996,1
831,831,0,6436291,2675360,5145280,2700422,1
832,832,0,6436291,3747597,6497504,2700422,1
833,833,0,6785589,3747597,6497504,3782829,1
834,834,0,6785589,4509378,6850584,3782829,1
835,835,0,5899213,4509378,6850584,4552061,1
836,836,0,5899213,4792521,5955921,4552061,1
837,837,0,5418948,4792521,5955921,4837998,1
838,838,0,5418948,5100297,5470600,4837998,1
839,839,0,6092212,5100297,5470600,5148687,1
840,840,0,6092212,5727455,6149706,5148687,1
841,841,0,6477351,5727455,6149706,5781838,1
842,842,0,6477351,6239886,6538907,5781838,1
843,843,0,5427789,6239886,6538907,6299379,1
844,844,0,5427789,6204072,5480328,6299379,1
845,845,0,4038675,6204072,5480328,6263450,1
846,846,0,4038675,5919147,4077293,6263450,1
847,847,0,3822683,5919147,4077293,5975683,1
848,848,0,3822683,5899884,3858793,5975683,1
849,849,0,4117130,5899884,3858793,5955977,1
850,850,0,4117130,5997503,4156570,5955977,1
851,851,0,3233393,5997503,4156570,6054550,1
852,852,0,3233393,5656716,3264493,6054550,1
853,853,0,1398764,5656716,3264493,5710765,1
854,854,0,1398764,4872228,1412719,5710765,1
855,855,0,353124,4872228,1412719,4918892,1
856,856,0,353124,4211409,356442,4918892,1
857,857,0,428632,4211409,356442,4251650,1
858,858,0,428632,3858561,432571,4251650,1
859,859,0,18077,3858561,432571,3895363,1
860,860,0,18077,3320242,18449,3895363,1
861,861,0,-1676283,3320242,18449,3352098,1
862,862,0,-1676283,2289081,-1691693,3352098,1
863,863,0,-3218060,2289081,-1691693,2311225,1
864,864,0,-3218060,1194455,-3248973,2311225,1
865,865,0,-3383832,1194455,-3248973,1206054,1
866,866,0,-3383832,496777,-3416429,1206054,1
867,867,0,-3216127,496777,-3416429,501584,1
868,868,0,-3216127,-71768,-3246947,501584,1
869,869,0,-4215459,-71768,-3246947,-72348,1
870,870,0,-4215459,-1017733,-4255594,-72348,1
871,871,0,-5761096,-1017733,-4255594,-1027242,1
872,872,0,-5761096,-2192283,-5815623,-1027242,1
873,873,0,-6126756,-2192283,-5815623,-2213094,1
874,874,0,-6126756,-3015894,-6185800,-2213094,1
875,875,0,-5439579,-3015894,-6185800,-3044767,1
876,876,0,-5439579,-3438975,-5491967,-3044767,1
877,877,0,-5430913,-3438975,-5491967,-3471955,1
878,878,0,-5430913,-4001490,-5483017,-3471955,1
879,879,0,-6467075,-4001490,-5483017,-4039664,1
880,880,0,-6467075,-4882614,-6528870,-4039664,1
881,881,0,-6921960,-4882614,-6528870,-4929145,1
882,882,0,-6921960,-5571609,-6987970,-4929145,1
883,883,0,-5951723,-5571609,-6987970,-5624885,1
884,884,0,-5951723,-5720750,-6009761,-5624885,1
885,885,0,-4934912,-5720750,-6009761,-5775665,1
886,886,0,-4934912,-5722610,-4982887,-5775665,1
887,887,0,-5124942,-5722610,-4982887,-5777582,1
888,888,0,-5124942,-6026291,-5173670,-5777582,1
889,889,0,-5517418,-6026291,-5173670,-6083990,1
890,890,0,-5517418,-6359955,-5570571,-6083990,1
891,891,0,-4581649,-6359955,-5570571,-6420912,1
892,892,0,-4581649,-6191440,-4626561,-6420912,1
893,893,0,-2887646,-6191440,-4626561,-6251083,1
894,894,0,-2887646,-5636790,-2916099,-6251083,1
895,895,0,-2164263,-5636790,-2916099,-5691252,1
896,896,0,-2164263,-5264923,-2185359,-5691252,1
897,897,0,-2354371,-5264923,-2185359,-5315691,1
898,898,0,-2354371,-5133456,-2376840,-5315691,1
899,899,0,-1753254,-5133456,-2376840,-5182896,1
900,900,0,-1753254,-4701618,-1770832,-5182896,1
901,901,0,65496,-4701618,-1770832,-4747168,1
902,902,0,65496,-3770063,65320,-4747168,1
903,903,0,1473851,-3770063,65320,-3806893,1
904,904,0,1473851,-2840127,1487385,-3806893,1
905,905,0,1556816,-2840127,1487385,-2867875,1
906,906,0,1556816,-2279705,1571939,-2867875,1
907,907,0,1642686,-2279705,1571939,-2301899,1
908,908,0,1642686,-1718840,1658099,-2301899,1
909,909,0,2995841,-1718840,1658099,-1735733,1
910,910,0,2995841,-709274,3023583,-1735733,1
911,911,0,4635706,-709274,3023583,-716681,1
912,912,0,4635706,480234,4679753,-716681,1
913,913,0,4987002,480234,4679753,484276,1
914,914,0,4987002,1294811,5034840,484276,1
915,915,0,4528011,1294811,5034840,1306902,1
916,916,0,4528011,1811552,4571409,1306902,1
917,917,0,4979626,1811552,4571409,1828611,1
918,918,0,4979626,2578389,5026907,1828611,1
919,919,0,6318933,2578389,5026907,2602637,1
920,920,0,6318933,3648715,6378902,2602637,1
921,921,0,6825805,3648715,6378902,3683186,1
922,922,0,6825805,4461373,6890934,3683186,1
923,923,0,5997446,4461373,6890934,4503857,1
924,924,0,5997446,4774234,6055193,4503857,1
925,925,0,5406286,4774234,6055193,4819867,1
926,926,0,5406286,5053681,5457931,4819867,1
927,927,0,6008874,5053681,5457931,5101876,1
928,928,0,6008874,5658493,6066306,5101876,1
929,929,0,6505269,5658493,6066306,5712331,1
930,930,0,6505269,6210914,6567562,5712331,1
931,931,0,5572198,6210914,6567562,6270117,1
932,932,0,5572198,6228530,5626028,6270117,1
933,933,0,4131789,6228530,5626028,6288090,1
934,934,0,4131789,5940473,4171705,6288090,1
935,935,0,3793616,5940473,4171705,5997365,1
936,936,0,3793616,5888927,3829740,5997365,1
937,937,0,4114756,5888927,3829740,5945294,1
938,938,0,4114756,6001003,4153987,5945294,1
939,939,0,3387144,6001003,4153987,6058489,1
940,940,0,3387144,5715775,3419983,6058489,1
941,941,0,1567780,5715775,3419983,5770706,1
942,942,0,1567780,4951191,1583546,5770706,1
943,943,0,386835,4951191,1583546,4998843,1
944,944,0,386835,4256437,390605,4998843,1
945,945,0,415256,4256437,390605,4297295,1
946,946,0,415256,3889247,418956,4297295,1
947,947,0,124515,3889247,418956,3926491,1
948,948,0,124515,3394025,125833,3926491,1
949,949,0,-1487020,3394025,125833,3426695,1
950,950,0,-1487020,2401869,-1500980,3426695,1
951,951,0,-3126685,2401869,-1500980,2425237,1
952,952,0,-3126685,1285422,-3156278,2425237,1
953,953,0,-3413738,1285422,-3156278,1298025,1
954,954,0,-3413738,549485,-3445979,1298025,1
955,955,0,-3197357,549485,-3445979,554823,1
956,956,0,-3197357,-3574,-3228159,554823,1
957,957,0,-4064166,-3574,-3228159,-3601,1
958,958,0,-4064166,-906183,-4102731,-3601,1
959,959,0,-5639324,-906183,-4102731,-914714,1
960,960,0,-5639324,-2085998,-5692875,-914714,1
961,961,0,-6161690,-2085998,-5692875,-2105669,1
962,962,0,-6161690,-2960720,-6220779,-2105669,1
963,963,0,-5500379,-2960720,-6220779,-2988790,1
964,964,0,-5500379,-3402221,-5553206,-2988790,1
965,965,0,-5373802,-3402221,-5553206,-3434596,1
966,966,0,-5373802,-3929498,-5425288,-3434596,1
967,967,0,-6365763,-3929498,-5425288,-3966920,1
968,968,0,-6365763,-4794310,-6426263,-3966920,1
969,969,0,-6943069,-4794310,-6426263,-4839997,1
970,970,0,-6943069,-5527581,-7010142,-4839997,1
971,971,0,-6082136,-5527581,-7010142,-5580358,1
972,972,0,-6082136,-5722825,-6141023,-5580358,1
973,973,0,-4985346,-5722825,-6141023,-5777636,1
974,974,0,-4985346,-5712771,-5033759,-5777636,1
975,975,0,-5065029,-5712771,-5033759,-5767475,1
976,976,0,-5065029,-5987154,-5113340,-5767475,1
977,977,0,-5524994,-5987154,-5113340,-6044467,1
978,978,0,-5524994,-6345450,-5578574,-6044467,1
979,979,0,-4731997,-6345450,-5578574,-6406368,1
980,980,0,-4731997,-6233451,-4778367,-6406368,1
981,981,0,-3031911,-6233451,-4778367,-6293588,1
982,982,0,-3031911,-5690587,-3061716,-6293588,1
983,983,0,-2173826,-5690587,-3061716,-5745585,1
984,984,0,-2173826,-5284774,-2194408,-5745585,1
985,985,0,-2345019,-5284774,-2194408,-5335761,1
986,986,0,-2345019,-5149494,-2367871,-5335761,1
987,987,0,-1874602,-5149494,-2367871,-5199255,1
988,988,0,-1874602,-4768312,-1893520,-5199255,1
989,989,0,-124625,-4768312,-1893520,-4814646,1
990,990,0,-124625,-3871101,-127017,-4814646,1
991,991,0,1401271,-3871101,-127017,-3908853,1
992,992,0,1401271,-2914901,1414410,-3908853,1
993,993,0,1583205,-2914901,1414410,-2943235,1
994,994,0,1583205,-2324066,1598570,-2943235,1
995,995,0,1581975,-2324066,1598570,-2346665,1
996,996,0,1581975,-1789460,1596807,-2346665,1
997,997,0,2815457,-1789460,1596807,-1807210,1
998,998,0,2815457,-823615,2841504,-1807210,1
999,999,0,4522011,-823615,2841504,-832336,1
1000,1000,0,4522011,376854,4564582,-832336,1
1001,1001,0,5014585,376854,4564582,379843,1
1002,1002,0,5014585,1237592,5062077,379843,1
1003,1003,0,4556900,1237592,5062077,1249166,1
1004,1004,0,4556900,1757933,4600502,1249166,1
1005,1005,0,4876690,1757933,4600502,1774530,1
1006,1006,0,4876690,2483485,4922937,1774530,1
1007,1007,0,6200555,2483485,4922937,2506769,1
1008,1008,0,6200555,3545189,6259599,2506769,1
1009,1009,0,6851077,3545189,6259599,3578448,1
1010,1010,0,6851077,4407415,6916863,3578448,1
1011,1011,0,6097188,4407415,6916863,4449042,1
1012,1012,0,6097188,4756931,6155755,4449042,1
1013,1013,0,5405442,4756931,6155755,4802098,1
1014,1014,0,5405442,5013864,5457243,4802098,1
1015,1015,0,5922016,5013864,5457243,5061572,1
1016,1016,0,5922016,5593771,5978471,5061572,1
1017,1017,0,6512848,5593771,5978471,5647100,1
1018,1018,0,6512848,6179354,6575094,5647100,1
1019,1019,0,5714357,6179354,6575094,6238431,1
1020,1020,0,5714357,6250311,5769113,6238431,1
1021,1021,0,4241476,6250311,5769113,6310236,1
1022,1022,0,4241476,5963162,4282733,6310236,1
1023,1023,0,3773208,5963162,4282733,6020326,1
1024,1024,1,3773208,5963162,4282733,6020326,0
1025,1025,0,3773208,5877596,3809709,6020326,1
1026,1026,0,4103693,5877596,3809709,5933818,1
1027,1027,0,4103693,5998147,4143356,5933818,1
1028,1028,0,3525851,5998147,4143356,6055472,1
1029,1029,0,3525851,5769482,3560129,6055472,1
1030,1030,0,1747324,5769482,3560129,5824766,1
1031,1031,0,1747324,5032980,1765038,5824766,1
1032,1032,0,435423,5032980,1765038,5081442,1
1033,1033,0,435423,4308049,439555,5081442,1
1034,1034,0,396907,4308049,439555,4349706,1
1035,1035,0,396907,3920179,400525,4349706,1
1036,1036,0,205855,3920179,400525,3958156,1
1037,1037,0,205855,3463098,208586,3958156,1
1038,1038,0,-1293891,3463098,208586,3496779,1
1039,1039,0,-1293891,2514184,-1305646,3496779,1
1040,1040,0,-3016488,2514184,-1305646,2538813,1
1041,1041,0,-3016488,1381516,-3044811,2538813,1
1042,1042,0,-3438054,1381516,-3044811,1395116,1
1043,1043,0,-3438054,603064,-3470935,1395116,1
1044,1044,0,-3183746,603064,-3470935,609056,1
1045,1045,0,-3183746,57723,-3214260,609056,1
1046,1046,0,-3931263,57723,-3214260,58568,1
1047,1047,0,-3931263,-799401,-3968223,58568,1
1048,1048,0,-5512297,-799401,-3968223,-806527,1
1049,1049,0,-5512297,-1975406,-5564022,-806527,1
1050,1050,0,-6176840,-1975406,-5564022,-1993789,1
1051,1051,0,-6176840,-2897626,-6236285,-1993789,1
1052,1052,0,-5572979,-2897626,-6236285,-2925071,1
1053,1053,0,-5572979,-3365252,-5626398,-2925071,1
1054,1054,0,-5328000,-3365252,-5626398,-3397265,1
1055,1055,0,-5328000,-3863545,-5378929,-3397265,1
1056,1056,0,-6250239,-3863545,-5378929,-3900138,1
1057,1057,0,-6250239,-4707945,-6310388,-3900138,1
1058,1058,0,-6953915,-4707945,-6310388,-4752500,1
1059,1059,0,-6953915,-5480242,-7020498,-4752500,1
1060,1060,0,-6209380,-5480242,-7020498,-5532360,1
1061,1061,0,-6209380,-5723249,-6269251,-5532360,1
1062,1062,0,-5043306,-5723249,-6269251,-5777978,1
1063,1063,0,-5043306,-5704964,-5092158,-5777978,1
1064,1064,0,-5013605,-5704964,-5092158,-5759680,1
1065,1065,0,-5013605,-5947306,-5061782,-5759680,1
1066,1066,0,-5519587,-5947306,-5061782,-6004333,1
1067,1067,0,-5519587,-6324146,-5572181,-6004333,1
1068,1068,0,-4874172,-6324146,-5572181,-6384856,1
1069,1069,0,-4874172,-6269871,-4921368,-6384856,1
1070,1070,0,-3186923,-6269871,-4921368,-6330188,1
1071,1071,0,-3186923,-5745541,-3218082,-6330188,1
1072,1072,0,-2191902,-5745541,-3218082,-5800909,1
1073,1073,0,-2191902,-5307268,-2212969,-5800909,1
1074,1074,0,-2322769,-5307268,-2212969,-5358356,1
1075,1075,0,-2322769,-5163927,-2345150,-5358356,1
1076,1076,0,-1990411,-5163927,-2345150,-5213525,1
1077,1077,0,-1990411,-4831163,-2010026,-5213525,1
1078,1078,0,-319778,-4831163,-2010026,-4877647,1
1079,1079,0,-319778,-3972252,-323039,-4877647,1
1080,1080,0,1312584,-3972252,-323039,-4010647,1
1081,1081,0,1312584,-2992580,1324864,-4010647,1
1082,1082,0,1604812,-2992580,1324864,-3021587,1
1083,1083,0,1604812,-2367834,1620127,-3021587,1
1084,1084,0,1539636,-2367834,1620127,-2390779,1
1085,1085,0,1539636,-1856194,1554102,-2390779,1
1086,1086,0,2649640,-1856194,1554102,-1874246,1
1087,1087,0,2649640,-938322,2674663,-1874246,1
1088,1088,0,4389090,-938322,2674663,-947630,1
1089,1089,0,4389090,266556,4430460,-947630,1
1090,1090,0,5028478,266556,4430460,268845,1
1091,1091,0,5028478,1175636,5076415,268845,1
1092,1092,0,4590141,1175636,5076415,1186701,1
1093,1093,0,4590141,1708586,4634218,1186701,1
1094,1094,0,4788441,1708586,4634218,1724731,1
1095,1095,0,4788441,2395555,4834369,1724731,1
1096,1096,0,6076384,2395555,4834369,2418167,1
1097,1097,0,6076384,3440890,6133929,2418167,1
1098,1098,0,6852397,3440890,6133929,3473421,1
1099,1099,0,6852397,4345642,6918167,3473421,1
1100,1100,0,6200813,4345642,6918167,4386926,1
1101,1101,0,6200813,4735758,6260045,4386926,1
1102,1102,0,5419103,4735758,6260045,4780979,1
1103,1103,0,5419103,4977144,5470764,4780979,1
1104,1104,0,5835319,4977144,5470764,5024728,1
1105,1105,0,5835319,5528745,5890884,5024728,1
1106,1106,0,6506532,5528745,5890884,5581544,1
1107,1107,0,6506532,6140978,6569209,5581544,1
1108,1108,0,5850987,6140978,6569209,6199608,1
1109,1109,0,5850987,6266857,5907626,6199608,1
1110,1110,0,4354971,6266857,5907626,6326724,1
1111,1111,0,4354971,5988011,4396965,6326724,1
1112,1112,0,3758972,5988011,4396965,6045199,1
1113,1113,0,3758972,5869483,3794691,6045199,1
1114,1114,0,4087059,5869483,3794691,5925544,1
1115,1115,0,4087059,5992211,4125859,5925544,1
1116,1116,0,3651323,5992211,4125859,6049674,1
1117,1117,0,3651323,5817378,3686705,6049674,1
1118,1118,0,1929730,5817378,3686705,5873408,1
1119,1119,0,1929730,5112908,1948734,5873408,1
1120,1120,0,501692,5112908,1948734,5162185,1
1121,1121,0,501692,4361137,506876,5162185,1
1122,1122,0,371976,4361137,506876,4402949,1
1123,1123,0,371976,3949739,375500,4402949,1
1124,1124,0,280083,3949739,375500,3987474,1
1125,1125,0,280083,3527410,283346,3987474,1
1126,1126,0,-1106708,3527410,283346,3561257,1
1127,1127,0,-1106708,2625062,-1116647,3561257,1
1128,1128,0,-2899493,2625062,-1116647,2650520,1
1129,1129,0,-2899493,1481153,-2926968,2650520,1
1130,1130,0,-3457288,1481153,-2926968,1495701,1
1131,1131,0,-3457288,659633,-3490589,1495701,1
1132,1132,0,-3178671,659633,-3490589,666248,1
1133,1133,0,-3178671,116414,-3208715,666248,1
1134,1134,0,-3798407,116414,-3208715,117883,1
1135,1135,0,-3798407,-696933,-3834247,117883,1
1136,1136,0,-5373683,-696933,-3834247,-703152,1
1137,1137,0,-5373683,-1864868,-5424681,-703152,1
1138,1138,0,-6181867,-1864868,-5424681,-1882345,1
1139,1139,0,-6181867,-2832989,-6240608,-1882345,1
1140,1140,0,-5652614,-2832989,-6240608,-2859910,1
1141,1141,0,-5652614,-3328309,-5707001,-2859910,1
1142,1142,0,-5290225,-3328309,-5707001,-3359976,1
1143,1143,0,-5290225,-3797673,-5340738,-3359976,1
1144,1144,0,-6137817,-3797673,-5340738,-3833685,1
1145,1145,0,-6137817,-4617469,-6196182,-3833685,1
1146,1146,0,-6946083,-4617469,-6196182,-4661212,1
1147,1147,0,-6946083,-5426849,-7012797,-4661212,1
1148,1148,0,-6332558,-5426849,-7012797,-5478465,1
1149,1149,0,-6332558,-5722050,-6393520,-5478465,1
1150,1150,0,-5120180,-5722050,-6393520,-5776677,1
1151,1151,0,-5120180,-5701006,-5169540,-5776677,1
1152,1152,0,-4959996,-5701006,-5169540,-5755492,1
1153,1153,0,-4959996,-5909226,-5007418,-5755492,1
1154,1154,0,-5503429,-5909226,-5007418,-5965703,1
1155,1155,0,-5503429,-6298312,-5555950,-5965703,1
1156,1156,0,-5003470,-6298312,-5555950,-6358583,1
1157,1157,0,-5003470,-6302383,-5051551,-6358583,1
1158,1158,0,-3341789,-6302383,-5051551,-6362894,1
1159,1159,0,-3341789,-5801963,-3374239,-6362894,1
1160,1160,0,-2226674,-5801963,-3374239,-5857760,1
1161,1161,0,-2226674,-5332867,-2248261,-5857760,1
1162,1162,0,-2299909,-5332867,-2248261,-5384042,1
1163,1163,0,-2299909,-5175056,-2322040,-5384042,1
1164,1164,0,-2088064,-5175056,-2322040,-5224610,1
1165,1165,0,-2088064,-4885752,-2108155,-5224610,1
1166,1166,0,-504992,-4885752,-2108155,-4932596,1
1167,1167,0,-504992,-4070054,-510477,-4932596,1
1168,1168,0,1203292,-4070054,-510477,-4109248,1
1169,1169,0,1203292,-3073526,1214555,-4109248,1
1170,1170,0,1625141,-3073526,1214555,-3103242,1
1171,1171,0,1625141,-2413911,1640575,-3103242,1
1172,1172,0,1510629,-2413911,1640575,-2437241,1
1173,1173,0,1510629,-1917801,1525204,-2437241,1
1174,1174,0,2488006,-1917801,1525204,-1936386,1
1175,1175,0,2488006,-1047000,2510741,-1936386,1
1176,1176,0,4243924,-1047000,2510741,-1057336,1
1177,1177,0,4243924,155518,4284002,-1057336,1
1178,1178,0,5040006,155518,4284002,156667,1
1179,1179,0,5040006,1110268,5088092,156667,1
1180,1180,0,4630683,1110268,5088092,1120681,1
1181,1181,0,4630683,1660518,4675058,1120681,1
1182,1182,0,4707279,1660518,4675058,1676187,1
1183,1183,0,4707279,2311208,4752225,1676187,1
1184,1184,0,5939079,2311208,4752225,2332898,1
1185,1185,0,5939079,3335734,5995263,2332898,1
1186,1186,0,6848107,3335734,5995263,3367115,1
1187,1187,0,6848107,4280915,6913545,3367115,1
1188,1188,0,6304806,4280915,6913545,4321486,1
1189,1189,0,6304806,4715371,6365574,4321486,1
1190,1190,0,5452472,4715371,6365574,4760362,1
1191,1191,0,5452472,4942635,5504685,4760362,1
1192,1192,0,5753843,4942635,5504685,4989788,1
1193,1193,0,5753843,5461985,5808331,4989788,1
1194,1194,0,6484819,5461985,5808331,5513998,1
1195,1195,0,6484819,6097598,6547018,5513998,1
1196,1196,0,5975668,6097598,6547018,6155756,1
1197,1197,0,5975668,6282752,6033220,6155756,1
1198,1198,0,4491714,6282752,6033220,6342886,1
1199,1199,0,4491714,6019486,4535203,6342886,1
1200,1200,0,3751290,6019486,4535203,6077134,1
1201,1201,0,3751290,5867171,3787641,6077134,1
1202,1202,0,4066120,5867171,3787641,5923234,1
1203,1203,0,4066120,5984178,4104589,5923234,1
1204,1204,0,3759750,5984178,4104589,6041367,1
1205,1205,0,3759750,5860908,3796608,6041367,1
1206,1206,0,2111346,5860908,3796608,5917152,1
1207,1207,0,2111346,5195126,2132392,5917152,1
1208,1208,0,579541,5195126,2132392,5245231,1
1209,1209,0,579541,4421445,585233,5245231,1
1210,1210,0,358382,4421445,585233,4464063,1
1211,1211,0,358382,3981082,361646,4464063,1
1212,1212,0,341908,3981082,361646,4019414,1
1213,1213,0,341908,3585569,345307,4019414,1
1214,1214,0,-929174,3585569,345307,3620243,1
1215,1215,0,-929174,2731209,-937588,3620243,1
1216,1216,0,-2761699,2731209,-937588,2757869,1
1217,1217,0,-2761699,1583433,-2787651,2757869,1
1218,1218,0,-3460820,1583433,-2787651,1599034,1
1219,1219,0,-3460820,721639,-3494020,1599034,1
1220,1220,0,-3191491,721639,-3494020,728700,1
1221,1221,0,-3191491,175072,-3222101,728700,1
1222,1222,0,-3675738,175072,-3222101,176838,1
1223,1223,0,-3675738,-596456,-3710754,176838,1
1224,1224,0,-5223405,-596456,-3710754,-601911,1
1225,1225,0,-5223405,-1750064,-5272932,-601911,1
1226,1226,0,-6176095,-1750064,-5272932,-1766485,1
1227,1227,0,-6176095,-2760780,-6234951,-1766485,1
1228,1228,0,-5718202,-2760780,-6234951,-2787000,1
1229,1229,0,-5718202,-3290326,-5773585,-2787000,1
1230,1230,0,-5271164,-3290326,-5773585,-3321757,1
1231,1231,0,-5271164,-3736596,-5321562,-3321757,1
1232,1232,0,-6026405,-3736596,-5321562,-3772260,1
1233,1233,0,-6026405,-4527684,-6083749,-3772260,1
1234,1234,0,-6921409,-4527684,-6083749,-4570776,1
1235,1235,0,-6921409,-5365327,-6987478,-4570776,1
1236,1236,0,-6445522,-5365327,-6987478,-5416520,1
1237,1237,0,-6445522,-5713747,-6507323,-5416520,1
1238,1238,0,-5222219,-5713747,-6507323,-5768480,1
1239,1239,0,-5222219,-5696971,-5272122,-5768480,1
1240,1240,0,-4928099,-5696971,-5272122,-5751599,1
1241,1241,0,-4928099,-5872568,-4975105,-5751599,1
1242,1242,0,-5473334,-5872568,-4975105,-5928725,1
1243,1243,0,-5473334,-6268619,-5525509,-5928725,1
1244,1244,0,-5128866,-6268619,-5525509,-6328456,1
1245,1245,0,-5128866,-6330242,-5178531,-6328456,1
1246,1246,0,-3511186,-6330242,-5178531,-6390739,1
1247,1247,0,-3511186,-5864180,-3545722,-6390739,1
1248,1248,0,-2273377,-5864180,-3545722,-5920261,1
1249,1249,0,-2273377,-5370060,-2295747,-5920261,1
1250,1250,0,-2279963,-5370060,-2295747,-5421360,1
1251,1251,0,-2279963,-5192322,-2301810,-5421360,1
1252,1252,0,-2166853,-5192322,-2301810,-5241977,1
1253,1253,0,-2166853,-4940439,-2188058,-5241977,1
1254,1254,0,-698182,-4940439,-2188058,-4987974,1
1255,1255,0,-698182,-4171064,-705169,-4987974,1
1256,1256,0,1085155,-4171064,-705169,-4211554,1
1257,1257,0,1085155,-3163125,1094996,-4211554,1
1258,1258,0,1636114,-3163125,1094996,-3194014,1
1259,1259,0,1636114,-2464212,1651551,-3194014,1
1260,1260,0,1489351,-2464212,1651551,-2488242,1
1261,1261,0,1489351,-1977412,1503487,-2488242,1
1262,1262,0,2335140,-1977412,1503487,-1996655,1
1263,1263,0,2335140,-1154011,2356934,-1996655,1
1264,1264,0,4091110,-1154011,2356934,-1165408,1
1265,1265,0,4091110,40459,4129347,-1165408,1
1266,1266,0,5029938,40459,4129347,40449,1
1267,1267,0,5029938,1038794,5077717,40449,1
1268,1268,0,4679987,1038794,5077717,1048410,1
1269,1269,0,4679987,1611894,4724817,1048410,1
1270,1270,0,4638599,1611894,4724817,1627025,1
1271,1271,0,4638599,2229522,4682946,1627025,1
1272,1272,0,5800798,2229522,4682946,2250446,1
1273,1273,0,5800798,3228639,5855799,2250446,1
1274,1274,0,6817935,3228639,5855799,3258968,1
1275,1275,0,6817935,4209365,6883699,3258968,1
1276,1276,0,6401027,4209365,6883699,4249140,1
1277,1277,0,6401027,4691513,6462667,4249140,1
1278,1278,0,5495673,4691513,6462667,4736146,1
1279,1279,0,5495673,4911441,5548468,4736146,1
1280,1280,0,5676198,4911441,5548468,4958297,1
1281,1281,0,5676198,5396205,5730312,4958297,1
1282,1282,0,6448445,5396205,5730312,5447754,1
1283,1283,0,6448445,6046053,6510018,5447754,1
1284,1284,0,6092040,6046053,6510018,6103971,1
1285,1285,0,6092040,6288909,6150994,6103971,1
1286,1286,0,4624043,6288909,6150994,6349341,1
1287,1287,0,4624043,6047970,4669059,6349341,1
1288,1288,0,3761058,6047970,4669059,6106095,1
1289,1289,0,3761058,5865672,3796954,6106095,1
1290,1290,0,4029658,5865672,3796954,5921845,1
1291,1291,0,4029658,5972789,4068357,5921845,1
1292,1292,0,3852470,5972789,4068357,6029976,1
1293,1293,0,3852470,5896686,3889741,6029976,1
1294,1294,0,2298812,5896686,3889741,5953381,1
1295,1295,0,2298812,5273570,2321461,5953381,1
1296,1296,0,674333,5273570,2321461,5324471,1
1297,1297,0,674333,4482124,681146,5324471,1
1298,1298,0,336078,4482124,681146,4525372,1
1299,1299,0,336078,4009713,339156,4525372,1
1300,1300,0,384962,4009713,339156,4048293,1
1301,1301,0,384962,3637206,388543,4048293,1
1302,1302,0,-751034,3637206,388543,3672285,1
1303,1303,0,-751034,2834308,-757218,3672285,1
1304,1304,0,-2613418,2834308,-757218,2861865,1
1305,1305,0,-2613418,1689238,-2637806,2861865,1
1306,1306,0,-3458661,1689238,-2637806,1705784,1
1307,1307,0,-3458661,784235,-3491319,1705784,1
1308,1308,0,-3214809,784235,-3491319,791905,1
1309,1309,0,-3214809,227498,-3246135,791905,1
1310,1310,0,-3569062,227498,-3246135,229822,1
1311,1311,0,-3569062,-501737,-3602779,229822,1
1312,1312,0,-5067890,-501737,-3602779,-506158,1
1313,1313,0,-5067890,-1633744,-5116019,-506158,1
1314,1314,0,-6150905,-1633744,-5116019,-1648781,1
1315,1315,0,-6150905,-2684829,-6210116,-1648781,1
1316,1316,0,-5804400,-2684829,-6210116,-2710095,1
1317,1317,0,-5804400,-3254864,-5860214,-2710095,1
1318,1318,0,-5263368,-3254864,-5860214,-3285876,1
1319,1319,0,-5263368,-3682524,-5313926,-3285876,1
1320,1320,0,-5915973,-3682524,-5313926,-3717671,1
1321,1321,0,-5915973,-4439996,-5972513,-3717671,1
1322,1322,0,-6883938,-4439996,-5972513,-4482368,1
1323,1323,0,-6883938,-5301692,-6949935,-4482368,1
1324,1324,0,-6550052,-5301692,-6949935,-5352393,1
1325,1325,0,-6550052,-5706846,-6613389,-5352393,1
1326,1326,0,-5309733,-5706846,-6613389,-5761635,1
1327,1327,0,-5309733,-5700484,-5360746,-5761635,1
1328,1328,0,-4895789,-5700484,-5360746,-5755234,1
1329,1329,0,-4895789,-5841293,-4942751,-5755234,1
1330,1330,0,-5428433,-5841293,-4942751,-5897296,1
1331,1331,0,-5428433,-6235461,-5480591,-5897296,1
1332,1332,0,-5221544,-6235461,-5480591,-6295288,1
1333,1333,0,-5221544,-6348768,-5272413,-6295288,1
1334,1334,0,-3682214,-6348768,-5272413,-6409804,1
1335,1335,0,-3682214,-5916543,-3717909,-6409804,1
1336,1336,0,-2331698,-5916543,-3717909,-5973487,1
1337,1337,0,-2331698,-5398400,-2354257,-5973487,1
1338,1338,0,-2251189,-5398400,-2354257,-5450309,1
1339,1339,0,-2251189,-5196638,-2272578,-5450309,1
1340,1340,0,-2232691,-5196638,-2272578,-5246658,1
1341,1341,0,-2232691,-4979491,-2254530,-5246658,1
1342,1342,0,-887929,-4979491,-2254530,-5027608,1
1343,1343,0,-887929,-4261182,-896781,-5027608,1
1344,1344,0,954458,-4261182,-896781,-4302488,1
1345,1345,0,954458,-3250212,962610,-4302488,1
1346,1346,0,1639593,-3250212,962610,-3281674,1
1347,1347,0,1639593,-2513555,1655135,-3281674,1
1348,1348,0,1477011,-2513555,1655135,-2537795,1
1349,1349,0,1477011,-2031129,1491193,-2537795,1
1350,1350,0,2189936,-2031129,1491193,-2050772,1
1351,1351,0,2189936,-1256181,2210675,-2050772,1
1352,1352,0,3933946,-1256181,2210675,-1268616,1
1353,1353,0,3933946,-76728,3970943,-1268616,1
1354,1354,0,5005960,-76728,3970943,-78011,1
1355,1355,0,5005960,962700,5053652,-78011,1
1356,1356,0,4732412,962700,5053652,971485,1
1357,1357,0,4732412,1562935,4777374,971485,1
1358,1358,0,4588171,1562935,4777374,1577659,1
1359,1359,0,4588171,2151393,4631591,1577659,1
1360,1360,0,5660249,2151393,4631591,2171792,1
1361,1361,0,5660249,3121818,5713805,2171792,1
1362,1362,0,6779307,3121818,5713805,3151376,1
1363,1363,0,6779307,4133529,6844576,3151376,1
1364,1364,0,6491647,4133529,6844576,4172707,1
1365,1365,0,6491647,4666377,6553573,4172707,1
1366,1366,0,5548070,4666377,6553573,4710664,1
1367,1367,0,5548070,4884672,5601162,4710664,1
1368,1368,0,5608681,4884672,5601162,4931008,1
1369,1369,0,5608681,5334862,5662559,4931008,1
1370,1370,0,6405181,5334862,5662559,5385560,1
1371,1371,0,6405181,5993044,6466436,5385560,1
1372,1372,0,6193549,5993044,6466436,6050209,1
1373,1373,0,6193549,6291536,6253480,6050209,1
1374,1374,0,4765189,6291536,6253480,6351707,1
1375,1375,0,4765189,6077932,4811359,6351707,1
1376,1376,0,3784935,6077932,4811359,6136129,1
1377,1377,0,3784935,5868529,3821599,6136129,1
1378,1378,0,3992913,5868529,3821599,5924718,1
1379,1379,0,3992913,5961535,4030957,5924718,1
1380,1380,0,3934651,5961535,4030957,6018749,1
1381,1381,0,3934651,5928373,3972703,6018749,1
1382,1382,0,2483326,5928373,3972703,5985442,1
1383,1383,0,2483326,5351202,2507545,5985442,1
1384,1384,0,782478,5351202,2507545,5402888,1
1385,1385,0,782478,4547918,790353,5402888,1
1386,1386,0,320724,4547918,790353,4591859,1
1387,1387,0,320724,4042664,323472,4591859,1
1388,1388,0,417121,4042664,323472,4081604,1
1389,1389,0,417121,3687096,421161,4081604,1
1390,1390,0,-585954,3687096,421161,3722607,1
1391,1391,0,-585954,2935090,-591389,3722607,1
1392,1392,0,-2452723,2935090,-591389,2963499,1
1393,1393,0,-2452723,1797911,-2475230,2963499,1
1394,1394,0,-3446581,1797911,-2475230,1815409,1
1395,1395,0,-3446581,851288,-3479868,1815409,1
1396,1396,0,-3239363,851288,-3479868,859540,1
1397,1397,0,-3239363,278658,-3270607,859540,1
1398,1398,0,-3472604,278658,-3270607,281327,1
1399,1399,0,-3472604,-411771,-3506096,281327,1
1400,1400,0,-4908600,-411771,-3506096,-415531,1
1401,1401,0,-4908600,-1517802,-4955306,-415531,1
1402,1402,0,-6107166,-1517802,-4955306,-1531991,1
1403,1403,0,-6107166,-2603819,-6165566,-1531991,1
1404,1404,0,-5880547,-2603819,-6165566,-2628529,1
1405,1405,0,-5880547,-3216141,-5936954,-2628529,1
1406,1406,0,-5273864,-3216141,-5936954,-3246984,1
1407,1407,0,-5273864,-3629987,-5324571,-3246984,1
1408,1408,0,-5808079,-3629987,-5324571,-3664899,1
1409,1409,0,-5808079,-4351569,-5863153,-3664899,1
1410,1410,0,-6828872,-4351569,-5863153,-4393243,1
1411,1411,0,-6828872,-5230646,-6893368,-4393243,1
1412,1412,0,-6651800,-5230646,-6893368,-5280663,1
1413,1413,0,-6651800,-5692835,-6715940,-5280663,1
1414,1414,0,-5416844,-5692835,-6715940,-5747338,1
1415,1415,0,-5416844,-5704074,-5468485,-5747338,1
1416,1416,0,-4872946,-5704074,-5468485,-5758691,1
1417,1417,0,-4872946,-5812350,-4920008,-5758691,1
1418,1418,0,-5380049,-5812350,-4920008,-5867763,1
1419,1419,0,-5380049,-6199870,-5431525,-5867763,1
1420,1420,0,-5313873,-6199870,-5431525,-6258868,1
1421,1421,0,-5313873,-6364195,-5365302,-6258868,1
1422,1422,0,-3855168,-6364195,-5365302,-6424857,1
1423,1423,0,-3855168,-5973155,-3892775,-6424857,1
1424,1424,0,-2406366,-5973155,-3892775,-6030341,1
1425,1425,0,-2406366,-5435380,-2429698,-6030341,1
1426,1426,0,-2223532,-5435380,-2429698,-5487552,1
1427,1427,0,-2223532,-5206157,-2244087,-5487552,1
1428,1428,0,-2284431,-5206157,-2244087,-5256182,1
1429,1429,0,-2284431,-5019167,-2306800,-5256182,1
1430,1430,0,-1070353,-5019167,-2306800,-5067579,1
1431,1431,0,-1070353,-4353971,-1081709,-5067579,1
1432,1432,0,811631,-4353971,-1081709,-4396116,1
1433,1433,0,811631,-3343516,818677,-4396116,1
1434,1434,0,1635603,-3343516,818677,-3375828,1
1435,1435,0,1635603,-2566689,1650818,-3375828,1
1436,1436,0,1478183,-2566689,1650818,-2591316,1
1437,1437,0,1478183,-2082024,1492192,-2591316,1
1438,1438,0,2056578,-2082024,1492192,-2102113,1
1439,1439,0,2056578,-1353421,2075661,-2102113,1
1440,1440,0,3764872,-1353421,2075661,-1366912,1
1441,1441,0,3764872,-194411,3800016,-1366912,1
1442,1442,0,4971890,-194411,3800016,-197040,1
1443,1443,0,4971890,883550,5019031,-197040,1
1444,1444,0,4785170,883550,5019031,891411,1
1445,1445,0,4785170,1515943,4830916,891411,1
1446,1446,0,4548761,1515943,4830916,1530039,1
1447,1447,0,4548761,2078484,4592137,1530039,1
1448,1448,0,5522534,2078484,4592137,2097909,1
1449,1449,0,5522534,3015546,5574889,2097909,1
1450,1450,0,6722551,3015546,5574889,3043814,1
1451,1451,0,6722551,4052391,6786786,3043814,1
1452,1452,0,6577925,4052391,6786786,4090622,1
1453,1453,0,6577925,4637841,6640819,4090622,1
1454,1454,0,5615361,4637841,6640819,4681889,1
1455,1455,0,5615361,4860475,5669813,4681889,1
1456,1456,0,5542450,4860475,5669813,4906766,1
1457,1457,0,5542450,5275168,5595013,4906766,1
1458,1458,0,6346224,5275168,5595013,5325410,1
1459,1459,0,6346224,5936051,6406626,5325410,1
1460,1460,0,6286683,5936051,6406626,5992625,1
1461,1461,0,6286683,6289631,6347107,5992625,1
1462,1462,0,4913672,6289631,6347107,6349807,1
1463,1463,0,4913672,6108601,4961652,6349807,1
1464,1464,0,3821520,6108601,4961652,6167182,1
1465,1465,0,3821520,5873438,3858301,6167182,1
1466,1466,0,3952494,5873438,3858301,5929661,1
1467,1467,0,3952494,5946566,3990205,5929661,1
1468,1468,0,3999624,5946566,3990205,6003367,1
1469,1469,0,3999624,5953478,4037991,6003367,1
1470,1470,0,2668800,5953478,4037991,6010509,1
1471,1471,0,2668800,5427991,2695224,6010509,1
1472,1472,0,901084,5427991,2695224,5480322,1
1473,1473,0,901084,4618382,910215,5480322,1
1474,1474,0,308377,4618382,910215,4662993,1
1475,1475,0,308377,4076980,311615,4662993,1
1476,1476,0,438839,4076980,311615,4116202,1
1477,1477,0,438839,3732307,443074,4116202,1
1478,1478,0,-428403,3732307,443074,3768199,1
1479,1479,0,-428403,3031589,-431967,3768199,1
1480,1480,0,-2282878,3031589,-431967,3060992,1
1481,1481,0,-2282878,1908021,-2304135,3060992,1
1482,1482,0,-3420850,1908021,-2304135,1926807,1
1483,1483,0,-3420850,921247,-3453802,1926807,1
1484,1484,0,-3265646,921247,-3453802,930482,1
1485,1485,0,-3265646,327829,-3297259,930482,1
1486,1486,0,-3391802,327829,-3297259,331248,1
1487,1487,0,-3391802,-325767,-3424177,331248,1
1488,1488,0,-4752567,-325767,-3424177,-328548,1
1489,1489,0,-4752567,-1400785,-4797375,-328548,1
1490,1490,0,-6050976,-1400785,-4797375,-1413845,1
1491,1491,0,-6050976,-2516754,-6108847,-1413845,1
1492,1492,0,-5941900,-2516754,-6108847,-2540685,1
1493,1493,0,-5941900,-3174530,-5999493,-2540685,1
1494,1494,0,-5295495,-3174530,-5999493,-3204990,1
1495,1495,0,-5295495,-3581509,-5346418,-3204990,1
1496,1496,0,-5706920,-3581509,-5346418,-3615800,1
1497,1497,0,-5706920,-4267656,-5761557,-3615800,1
1498,1498,0,-6768426,-4267656,-5761557,-4308299,1
1499,1499,0,-6768426,-5156679,-6833165,-4308299,1
1500,1500,0,-6734919,-5156679,-6833165,-5205899,1
1501,1501,0,-6734919,-5672145,-6799599,-5205899,1
1502,1502,0,-5531588,-5672145,-6799599,-5726586,1
1503,1503,0,-5531588,-5705491,-5585020,-5726586,1
1504,1504,0,-4868525,-5705491,-5585020,-5760414,1
1505,1505,0,-4868525,-5785999,-4915494,-5760414,1
1506,1506,0,-5327019,-5785999,-4915494,-5841576,1
1507,1507,0,-5327019,-6163482,-5377992,-5841576,1
1508,1508,0,-5388906,-6163482,-5377992,-6222541,1
1509,1509,0,-5388906,-6374016,-5440314,-6222541,1
1510,1510,0,-4026735,-6374016,-5440314,-6435165,1
1511,1511,0,-4026735,-6028277,-4065860,-6435165,1
1512,1512,0,-2494771,-6028277,-4065860,-6086265,1
1513,1513,0,-2494771,-5477163,-2518940,-6086265,1
1514,1514,0,-2201200,-5477163,-2518940,-5529907,1
1515,1515,0,-2201200,-5218656,-2222291,-5529907,1
1516,1516,0,-2319732,-5218656,-2222291,-5268778,1
1517,1517,0,-2319732,-5054371,-2342537,-5268778,1
1518,1518,0,-1245845,-5054371,-2342537,-5102845,1
1519,1519,0,-1245845,-4442049,-1257827,-5102845,1
1520,1520,0,654095,-4442049,-1257827,-4484750,1
1521,1521,0,654095,-3438940,659689,-4484750,1
1522,1522,0,1619793,-3438940,659689,-3472122,1
1523,1523,0,1619793,-2623203,1634844,-3472122,1
1524,1524,0,1489233,-2623203,1634844,-2648613,1
1525,1525,0,1489233,-2130350,1503642,-2648613,1
1526,1526,0,1937866,-2130350,1503642,-2151007,1
1527,1527,0,1937866,-1446213,1956364,-2151007,1
1528,1528,0,3589380,-1446213,1956364,-1460390,1
1529,1529,0,3589380,-313916,3622904,-1460390,1
1530,1530,0,4917060,-313916,3622904,-317338,1
1531,1531,0,4917060,798362,4963694,-317338,1
1532,1532,0,4835620,798362,4963694,805646,1
1533,1533,0,4835620,1468293,4881950,805646,1
1534,1534,0,4524151,1468293,4881950,1482128,1
1535,1535,0,4524151,2010706,4567212,1482128,1
1536,1536,0,5393021,2010706,4567212,2029772,1
1537,1537,0,5393021,2910202,5443864,2029772,1
1538,1538,0,6652620,2910202,5443864,2937717,1
1539,1539,0,6652620,3964253,6715792,2937717,1
1540,1540,0,6653645,3964253,6715792,4001776,1
1541,1541,0,6653645,4603015,6717814,4001776,1
1542,1542,0,5686959,4603015,6717814,4646765,1
1543,1543,0,5686959,4838347,5741688,4646765,1
1544,1544,0,5495985,4838347,5741688,4884391,1
1545,1545,0,5495985,5220558,5547963,4884391,1
1546,1546,0,6272113,5220558,5547963,5270111,1
1547,1547,0,6272113,5878109,6331808,5270111,1
1548,1548,0,6362866,5878109,6331808,5933985,1
1549,1549,0,6362866,6281903,6424315,5933985,1
1550,1550,0,5066883,6281903,6424315,6341944,1
1551,1551,0,5066883,6138286,5115794,6341944,1
1552,1552,0,3870560,6138286,5115794,6197110,1
1553,1553,0,3870560,5882082,3908143,6197110,1
1554,1554,0,3908967,5882082,3908143,5938297,1
1555,1555,0,3908967,5931026,3946090,5938297,1
1556,1556,0,4050813,5931026,3946090,5987614,1
1557,1557,0,4050813,5971969,4089892,5987614,1
1558,1558,0,2844199,5971969,4089892,6029163,1
1559,1559,0,2844199,5500257,2871719,6029163,1
1560,1560,0,1036211,5500257,2871719,5553255,1
1561,1561,0,1036211,4691228,1046395,5553255,1
1562,1562,0,317210,4691228,1046395,4736489,1
1563,1563,0,317210,4112900,320652,4736489,1
1564,1564,0,444933,4112900,320652,4152468,1
1565,1565,0,444933,3772285,449248,4152468,1
1566,1566,0,-278752,3772285,449248,3808535,1
1567,1567,0,-278752,3122374,-281399,3808535,1
1568,1568,0,-2109617,3122374,-281399,3152457,1
1569,1569,0,-2109617,2021513,-2129334,3152457,1
1570,1570,0,-3375316,2021513,-2129334,2041168,1
1571,1571,0,-3375316,999486,-3407516,2041168,1
1572,1572,0,-3301590,999486,-3407516,1009335,1
1573,1573,0,-3301590,380290,-3333786,1009335,1
1574,1574,0,-3319020,380290,-3333786,384132,1
1575,1575,0,-3319020,-243501,-3350628,384132,1
1576,1576,0,-4591963,-243501,-3350628,-245659,1
1577,1577,0,-4591963,-1284565,-4635068,-245659,1
1578,1578,0,-5981538,-1284565,-4635068,-1296667,1
1579,1579,0,-5981538,-2424880,-6038722,-1296667,1
1580,1580,0,-6009236,-2424880,-6038722,-2447992,1
1581,1581,0,-6009236,-3130307,-6067010,-2447992,1
1582,1582,0,-5330102,-3130307,-6067010,-3160326,1
1583,1583,0,-5330102,-3534860,-5381391,-3160326,1
1584,1584,0,-5612844,-3534860,-5381391,-3568680,1
1585,1585,0,-5612844,-4184294,-5666148,-3568680,1
1586,1586,0,-6686905,-4184294,-5666148,-4224097,1
1587,1587,0,-6686905,-5079109,-6750701,-4224097,1
1588,1588,0,-6809516,-5079109,-6750701,-5127435,1
1589,1589,0,-6809516,-5650434,-6874929,-5127435,1
1590,1590,0,-5652218,-5650434,-6874929,-5704484,1
1591,1591,0,-5652218,-5712198,-5707135,-5704484,1
1592,1592,0,-4876241,-5712198,-5707135,-5766967,1
1593,1593,0,-4876241,-5763815,-4923345,-5766967,1
1594,1594,0,-5265084,-5763815,-4923345,-5818943,1
1595,1595,0,-5265084,-6123173,-5315690,-5818943,1
1596,1596,0,-5443586,-6123173,-5315690,-6181657,1
1597,1597,0,-5443586,-6376136,-5495956,-6181657,1
1598,1598,0,-4200540,-6376136,-5495956,-6437241,1
1599,1599,0,-4200540,-6081030,-4241583,-6437241,1
1600,1600,0,-2599682,-6081030,-4241583,-6139622,1
1601,1601,0,-2599682,-5522046,-2624769,-6139622,1
1602,1602,0,-2181631,-5522046,-2624769,-5575391,1
1603,1603,0,-2181631,-5229821,-2202534,-5575391,1
1604,1604,0,-2342398,-5229821,-2202534,-5280272,1
1605,1605,0,-2342398,-5082221,-2364927,-5280272,1
1606,1606,0,-1412680,-5082221,-2364927,-5131236,1
1607,1607,0,-1412680,-4525359,-1426463,-5131236,1
1608,1608,0,487665,-4525359,-1426463,-4569110,1
1609,1609,0,487665,-3537678,491376,-4569110,1
1610,1610,0,1593466,-3537678,491376,-3571934,1
1611,1611,0,1593466,-2684405,1608561,-3571934,1
1612,1612,0,1502149,-2684405,1608561,-2710331,1
1613,1613,0,1502149,-2176696,1516984,-2710331,1
1614,1614,0,1832443,-2176696,1516984,-2197651,1
1615,1615,0,1832443,-1533853,1849348,-2197651,1
1616,1616,0,3407636,-1533853,1849348,-1548821,1
1617,1617,0,3407636,-433147,3439710,-1548821,1
1618,1618,0,4858957,-433147,3439710,-437743,1
1619,1619,0,4858957,708459,4904656,-437743,1
1620,1620,0,4887781,708459,4904656,714902,1
1621,1621,0,4887781,1418493,4934897,714902,1
1622,1622,0,4507213,1418493,4934897,1431905,1
1623,1623,0,4507213,1945183,4550574,1431905,1
1624,1624,0,5260063,1945183,4550574,1963626,1
1625,1625,0,5260063,2806968,5309814,1963626,1
1626,1626,0,6567236,2806968,5309814,2833384,1
1627,1627,0,6567236,3875442,6629747,2833384,1
1628,1628,0,6719843,3875442,6629747,3912035,1
1629,1629,0,6719843,4567905,6784299,3912035,1
1630,1630,0,5773419,4567905,6784299,4611414,1
1631,1631,0,5773419,4818226,5829170,4611414,1
1632,1632,0,5457127,4818226,5829170,4864294,1
1633,1633,0,5457127,5165065,5508983,4864294,1
1634,1634,0,6197039,5165065,5508983,5214375,1
1635,1635,0,6197039,5813560,6256158,5214375,1
1636,1636,0,6421170,5813560,6256158,5868949,1
1637,1637,0,6421170,6267756,6482394,5868949,1
1638,1638,0,5220136,6267756,6482394,6327660,1
1639,1639,0,5220136,6168443,5270528,6327660,1
1640,1640,0,3931854,6168443,5270528,6227572,1
1641,1641,0,3931854,5896466,3969804,6227572,1
1642,1642,0,3869187,5896466,3969804,5952932,1
1643,1643,0,3869187,5917197,3906074,5952932,1
1644,1644,0,4085187,5917197,3906074,5973685,1
1645,1645,0,4085187,5985455,4124347,5973685,1
1646,1646,0,3019138,5985455,4124347,6042609,1
1647,1647,0,3019138,5568461,3048675,6042609,1
1648,1648,0,1184794,5568461,3048675,5621843,1
1649,1649,0,1184794,4765815,1196569,5621843,1
1650,1650,0,321410,4765815,1196569,4811615,1
1651,1651,0,321410,4151356,324743,4811615,1
1652,1652,0,443302,4151356,324743,4191228,1
1653,1653,0,443302,3809875,447312,4191228,1
1654,1654,0,-144702,3809875,447312,3846471,1
1655,1655,0,-144702,3210271,-145326,3846471,1
1656,1656,0,-1927810,3210271,-145326,3241279,1
1657,1657,0,-1927810,2135759,-1945627,3241279,1
1658,1658,0,-3317383,2135759,-1945627,2156612,1
1659,1659,0,-3317383,1079300,-3348824,2156612,1
1660,1660,0,-3341788,1079300,-3348824,1089929,1
1661,1661,0,-3341788,428275,-3373692,1089929,1
1662,1662,0,-3268068,428275,-3373692,432581,1
1663,1663,0,-3268068,-168356,-3299598,432581,1
1664,1664,0,-4425216,-168356,-3299598,-169642,1
1665,1665,0,-4425216,-1169917,-4467335,-169642,1
1666,1666,0,-5899988,-1169917,-4467335,-1180636,1
1667,1667,0,-5899988,-2329337,-5956451,-1180636,1
1668,1668,0,-6064942,-2329337,-5956451,-2351176,1
1669,1669,0,-6064942,-3085585,-6123217,-2351176,1
1670,1670,0,-5370915,-3085585,-6123217,-3114923,1
1671,1671,0,-5370915,-3493811,-5422355,-3114923,1
1672,1672,0,-5527789,-3493811,-5422355,-3527217,1
1673,1673,0,-5527789,-4104851,-5580168,-3527217,1
1674,1674,0,-6597107,-4104851,-5580168,-4144129,1
1675,1675,0,-6597107,-4997156,-6659830,-4144129,1
1676,1676,0,-6872418,-4997156,-6659830,-5044984,1
1677,1677,0,-6872418,-5620823,-6938469,-5044984,1
1678,1678,0,-5777767,-5620823,-6938469,-5674660,1
1679,1679,0,-5777767,-5716582,-5833403,-5674660,1
1680,1680,0,-4890693,-5716582,-5833403,-5771294,1
1681,1681,0,-4890693,-5743387,-4937706,-5771294,1
1682,1682,0,-5205551,-5743387,-4937706,-5798161,1
1683,1683,0,-5205551,-6082198,-5255299,-5798161,1
1684,1684,0,-5489693,-6082198,-5255299,-6140147,1
1685,1685,0,-5489693,-6373925,-5542485,-6140147,1
1686,1686,0,-4364817,-6373925,-5542485,-6434851,1
1687,1687,0,-4364817,-6131268,-4407320,-6434851,1
1688,1688,0,-2714318,-6131268,-4407320,-6190118,1
1689,1689,0,-2714318,-5569263,-2740748,-6190118,1
1690,1690,0,-2171289,-5569263,-2740748,-5622781,1
1691,1691,0,-2171289,-5243420,-2191997,-5622781,1
1692,1692,0,-2353027,-5243420,-2191997,-5293746,1
1693,1693,0,-2353027,-5107550,-2375894,-5293746,1
1694,1694,0,-1566979,-5107550,-2375894,-5156648,1
1695,1695,0,-1566979,-4604658,-1582438,-5156648,1
1696,1696,0,310524,-4604658,-1582438,-4649118,1
1697,1697,0,310524,-3636590,312628,-4649118,1
1698,1698,0,1548022,-3636590,312628,-3671818,1
1699,1699,0,1548022,-2748326,1563129,-3671818,1
1700,1700,0,1526792,-2748326,1563129,-2774935,1
1701,1701,0,1526792,-2221636,1541367,-2774935,1
1702,1702,0,1743720,-2221636,1541367,-2243142,1
1703,1703,0,1743720,-1616629,1759661,-2243142,1
1704,1704,0,3227679,-1616629,1759661,-1632503,1
1705,1705,0,3227679,-552950,3258425,-1632503,1
1706,1706,0,4775734,-552950,3258425,-558694,1
1707,1707,0,4775734,612662,4820875,-558694,1
1708,1708,0,4929584,612662,4820875,618251,1
1709,1709,0,4929584,1367228,4977017,618251,1
1710,1710,0,4509015,1367228,4977017,1380129,1
1711,1711,0,4509015,1886243,4552034,1380129,1
1712,1712,0,5136295,1886243,4552034,1904058,1
1713,1713,0,5136295,2707662,5185229,1904058,1
1714,1714,0,6471323,2707662,5185229,2733178,1
1715,1715,0,6471323,3779913,6533123,2733178,1
1716,1716,0,6775321,3779913,6533123,3815770,1
1717,1717,0,6775321,4524394,6840723,3815770,1
1718,1718,0,5864935,4524394,6840723,4567545,1
1719,1719,0,5864935,4798243,5921080,4567545,1
1720,1720,0,5421030,4798243,5921080,4844073,1
1721,1721,0,5421030,5115397,5473235,4844073,1
1722,1722,0,6120147,5115397,5473235,5164255,1
1723,1723,0,6120147,5749902,6178244,5164255,1
1724,1724,0,6466930,5749902,6178244,5804883,1
1725,1725,0,6466930,6248903,6529313,5804883,1
1726,1726,0,5371446,6248903,6529313,6308815,1
1727,1727,0,5371446,6195416,5423261,6308815,1
1728,1728,0,4013085,6195416,5423261,6254932,1
1729,1729,0,4013085,5911363,4051797,6254932,1
1730,1730,0,3832610,5911363,4051797,5968065,1
1731,1731,0,3832610,5902434,3869103,5968065,1
1732,1732,0,4107883,5902434,3869103,5958956,1
1733,1733,0,4107883,5994292,4147209,5958956,1
1734,1734,0,3176841,5994292,4147209,6051787,1
1735,1735,0,3176841,5634858,3208314,6051787,1
1736,1736,0,1338066,5634858,3208314,5689057,1
1737,1737,0,1338066,4844841,1351531,5689057,1
1738,1738,0,342573,4844841,1351531,4891497,1
1739,1739,0,342573,4195252,346027,4891497,1
1740,1740,0,436729,4195252,346027,4235512,1
1741,1741,0,436729,3845090,440872,4235512,1
1742,1742,0,-18304,3845090,440872,3882060,1
1743,1743,0,-18304,3289848,-18084,3882060,1
1744,1744,0,-1744588,3289848,-18084,3321772,1
1745,1745,0,-1744588,2246706,-1760909,3321772,1
1746,1746,0,-3242939,2246706,-1760909,2268815,1
1747,1747,0,-3242939,1162631,-3274032,2268815,1
1748,1748,0,-3373036,1162631,-3274032,1174209,1
1749,1749,0,-3373036,479771,-3405502,1174209,1
1750,1750,0,-3235715,479771,-3405502,484585,1
1751,1751,0,-3235715,-94343,-3266575,484585,1
1752,1752,0,-4269667,-94343,-3266575,-95034,1
1753,1753,0,-4269667,-1055418,-4310258,-95034,1
1754,1754,0,-5795966,-1055418,-4310258,-1065277,1
1755,1755,0,-5795966,-2227603,-5850577,-1065277,1
1756,1756,0,-6111713,-2227603,-5850577,-2248781,1
1757,1757,0,-6111713,-3035243,-6170310,-2248781,1
1758,1758,0,-5420799,-3035243,-6170310,-3064291,1
1759,1759,0,-5420799,-3455092,-5473034,-3064291,1
1760,1760,0,-5453650,-3455092,-5473034,-3488149,1
1761,1761,0,-5453650,-4030097,-5506031,-3488149,1
1762,1762,0,-6502600,-4030097,-5506031,-4068428,1
1763,1763,0,-6502600,-4913058,-6564418,-4068428,1
1764,1764,0,-6914857,-4913058,-6564418,-4959701,1
1765,1765,0,-6914857,-5584124,-6980889,-4959701,1
1766,1766,0,-5904853,-5584124,-6980889,-5637329,1
1767,1767,0,-5904853,-5719084,-5962299,-5637329,1
1768,1768,0,-4923947,-5719084,-5962299,-5773860,1
1769,1769,0,-4923947,-5727344,-4971111,-5773860,1
1770,1770,0,-5144903,-5727344,-4971111,-5782286,1
1771,1771,0,-5144903,-6041391,-5194684,-5782286,1
1772,1772,0,-5515391,-6041391,-5194684,-6099169,1
1773,1773,0,-5515391,-6365402,-5568170,-6099169,1
1774,1774,0,-4524684,-6365402,-5568170,-6426322,1
1775,1775,0,-4524684,-6177548,-4568462,-6426322,1
1776,1776,0,-2843593,-6177548,-4568462,-6236870,1
1777,1777,0,-2843593,-5619661,-2871961,-6236870,1
1778,1778,0,-2164362,-5619661,-2871961,-5673834,1
1779,1779,0,-2164362,-5259768,-2185100,-5673834,1
1780,1780,0,-2358370,-5259768,-2185100,-5310455,1
1781,1781,0,-2358370,-5128105,-2380979,-5310455,1
1782,1782,0,-1709947,-5128105,-2380979,-5177448,1
1783,1783,0,-1709947,-4677941,-1726855,-5177448,1
1784,1784,0,126901,-4677941,-1726855,-4723150,1
1785,1785,0,126901,-3736077,127521,-4723150,1
1786,1786,0,1497151,-3736077,127521,-3772379,1
1787,1787,0,1497151,-2816647,1511044,-3772379,1
1788,1788,0,1549359,-2816647,1511044,-2844082,1
1789,1789,0,1549359,-2266504,1564687,-2844082,1
1790,1790,0,1662348,-2266504,1564687,-2288499,1
1791,1791,0,1662348,-1695518,1677940,-2288499,1
1792,1792,0,3050901,-1695518,1677940,-1712041,1
1793,1793,0,3050901,-671160,3079161,-1712041,1
1794,1794,0,4673882,-671160,3079161,-678042,1
1795,1795,0,4673882,514440,4717744,-678042,1
1796,1796,0,4973402,514440,4717744,519013,1
1797,1797,0,4973402,1313609,5021309,519013,1
1798,1798,0,4525468,1313609,5021309,1326050,1
1799,1799,0,4525468,1828686,4568504,1326050,1
1800,1800,0,5016520,1828686,4568504,1846019,1
1801,1801,0,5016520,2608412,5063766,1846019,1
1802,1802,0,6361592,2608412,5063766,2632896,1
1803,1803,0,6361592,3680797,6422023,2632896,1
1804,1804,0,6816523,3680797,6422023,3715420,1
1805,1805,0,6816523,4478320,6882082,3715420,1
1806,1806,0,5961639,4478320,6882082,4520791,1
1807,1807,0,5961639,4781372,6018702,4520791,1
1808,1808,0,5408339,4781372,6018702,4826871,1
1809,1809,0,5408339,5069974,5460335,4826871,1
1810,1810,0,6031205,5069974,5460335,5118126,1
1811,1811,0,6031205,5683032,6088659,5118126,1
1812,1812,0,6500536,5683032,6088659,5737024,1
1813,1813,0,6500536,6222219,6562711,5737024,1
1814,1814,0,5518103,6222219,6562711,6281598,1
1815,1815,0,5518103,6220960,5571663,6281598,1
1816,1816,0,4103084,6220960,5571663,6280571,1
1817,1817,0,4103084,5931400,4142629,6280571,1
1818,1818,0,3801994,5931400,4142629,5988257,1
1819,1819,0,3801994,5890293,3838304,5988257,1
1820,1820,0,4114055,5890293,3838304,5946650,1
1821,1821,0,4114055,5998190,4153555,5946650,1
1822,1822,0,3334479,5998190,4153555,6055657,1
1823,1823,0,3334479,5695107,3366603,6055657,1
1824,1824,0,1505712,5695107,3366603,5749851,1
1825,1825,0,1505712,4924206,1520849,5749851,1
1826,1826,0,372754,4924206,1520849,4971655,1
1827,1827,0,372754,4240526,375942,4971655,1
1828,1828,0,421423,4240526,375942,4281322,1
1829,1829,0,421423,3878237,425379,4281322,1
1830,1830,0,89082,3878237,425379,3915452,1
1831,1831,0,89082,3367288,90206,3915452,1
1832,1832,0,-1551755,3367288,90206,3399735,1
1833,1833,0,-1551755,2361169,-1566064,3399735,1
1834,1834,0,-3160637,2361169,-1566064,2384037,1
1835,1835,0,-3160637,1252291,-3190601,2384037,1
1836,1836,0,-3403719,1252291,-3190601,1264414,1
1837,1837,0,-3403719,530589,-3436838,1264414,1
1838,1838,0,-3200978,530589,-3436838,535682,1
1839,1839,0,-3200978,-26470,-3231911,535682,1
1840,1840,0,-4118020,-26470,-3231911,-26631,1
1841,1841,0,-4118020,-944198,-4157370,-26631,1
1842,1842,0,-5681664,-944198,-4157370,-952928,1
1843,1843,0,-5681664,-2123124,-5735845,-952928,1
1844,1844,0,-6151120,-2123124,-5735845,-2143213,1
1845,1845,0,-6151120,-2980094,-6210341,-2143213,1
1846,1846,0,-5488470,-2980094,-6210341,-3008660,1
1847,1847,0,-5488470,-3414731,-5541322,-3008660,1
1848,1848,0,-5391759,-3414731,-5541322,-3447634,1
1849,1849,0,-5391759,-3954041,-5442879,-3447634,1
1850,1850,0,-6395853,-3954041,-5442879,-3992020,1
1851,1851,0,-6395853,-4825208,-6457030,-3992020,1
1852,1852,0,-6940818,-4825208,-6457030,-4871411,1
1853,1853,0,-6940818,-5545162,-7007409,-4871411,1
1854,1854,0,-6039872,-5545162,-7007409,-5598328,1
1855,1855,0,-6039872,-5725388,-6098696,-5598328,1
1856,1856,0,-4965611,-5725388,-6098696,-5780296,1
1857,1857,0,-4965611,-5718041,-5013537,-5780296,1
1858,1858,0,-5090902,-5718041,-5013537,-5772766,1
1859,1859,0,-5090902,-6000805,-5139422,-5772766,1
1860,1860,0,-5523131,-6000805,-5139422,-6058145,1
1861,1861,0,-5523131,-6350674,-5576089,-6058145,1
1862,1862,0,-4685392,-6350674,-5576089,-6411586,1
1863,1863,0,-4685392,-6220343,-4730896,-6411586,1
1864,1864,0,-2979182,-6220343,-4730896,-6280330,1
1865,1865,0,-2979182,-5673865,-3008392,-6280330,1
1866,1866,0,-2169065,-5673865,-3008392,-5728634,1
1867,1867,0,-2169065,-5279461,-2189825,-5728634,1
1868,1868,0,-2350066,-5279461,-2189825,-5330242,1
1869,1869,0,-2350066,-5146434,-2372582,-5330242,1
1870,1870,0,-1837256,-5146434,-2372582,-5195831,1
1871,1871,0,-1837256,-4747681,-1855824,-5195831,1
1872,1872,0,-60188,-4747681,-1855824,-4793455,1
1873,1873,0,-60188,-3836893,-61113,-4793455,1
1874,1874,0,1421688,-3836893,-61113,-3874084,1
1875,1875,0,1421688,-2888813,1435263,-3874084,1
1876,1876,0,1577041,-2888813,1435263,-2916808,1
1877,1877,0,1577041,-2309141,1592295,-2916808,1
1878,1878,0,1600212,-2309141,1592295,-2331530,1
1879,1879,0,1600212,-1767157,1615443,-2331530,1
1880,1880,0,2875808,-1767157,1615443,-1784465,1
1881,1881,0,2875808,-787133,2902127,-1784465,1
1882,1882,0,4557879,-787133,2902127,-795120,1
1883,1883,0,4557879,410332,4600825,-795120,1
1884,1884,0,5005981,410332,4600825,413995,1
1885,1885,0,5005981,1256128,5053914,413995,1
1886,1886,0,4547170,1256128,5053914,1268121,1
1887,1887,0,4547170,1775424,4590355,1268121,1
1888,1888,0,4909108,1775424,4590355,1792236,1
1889,1889,0,4909108,2514628,4955599,1792236,1
1890,1890,0,6241231,2514628,4955599,2538179,1
1891,1891,0,6241231,3578860,6300765,2538179,1
1892,1892,0,6848101,3578860,6300765,3612475,1
1893,1893,0,6848101,4424942,6913638,3612475,1
1894,1894,0,6060928,4424942,6913638,4466817,1
1895,1895,0,6060928,4762207,6119805,4466817,1
1896,1896,0,5407740,4762207,6119805,4807486,1
1897,1897,0,5407740,5026773,5459464,4807486,1
1898,1898,0,5946519,5026773,5459464,5074578,1
1899,1899,0,5946519,5616011,6003045,5074578,1
1900,1900,0,6514280,5616011,6003045,5669473,1
1901,1901,0,6514280,6191277,6576197,5669473,1
1902,1902,0,5665645,6191277,6576197,6250527,1
1903,1903,0,5665645,6244402,5720285,6250527,1
1904,1904,0,4199816,6244402,5720285,6304415,1
1905,1905,0,4199816,5955433,4240523,6304415,1
1906,1906,0,3778972,5955433,4240523,6012645,1
1907,1907,0,3778972,5880720,3814998,6012645,1
1908,1908,0,4106892,5880720,3814998,5936937,1
1909,1909,0,4106892,5999050,4146147,5936937,1
1910,1910,0,3474845,5999050,4146147,6056258,1
1911,1911,0,3474845,5750865,3508819,6056258,1
1912,1912,0,1684654,5750865,3508819,5805921,1
1913,1913,0,1684654,5004063,1701640,5805921,1
1914,1914,0,419591,5004063,1701640,5052170,1
1915,1915,0,419591,4288498,424111,5052170,1
1916,1916,0,403904,4288498,424111,4329726,1
1917,1917,0,403904,3907714,407538,4329726,1
1918,1918,0,176139,3907714,407538,3945254,1
1919,1919,0,176139,3437677,178187,3945254,1
1920,1920,0,-1358378,3437677,178187,3470920,1
1921,1921,0,-1358378,2474195,-1371632,3470920,1
1922,1922,0,-3060764,2474195,-1371632,2498477,1
1923,1923,0,-3060764,1348017,-3089234,2498477,1
1924,1924,0,-3429814,1348017,-3089234,1361455,1
1925,1925,0,-3429814,584714,-3462541,1361455,1
1926,1926,0,-3189747,584714,-3462541,590606,1
1927,1927,0,-3189747,36759,-3220130,590606,1
1928,1928,0,-3974373,36759,-3220130,37196,1
1929,1929,0,-3974373,-837010,-4012188,37196,1
1930,1930,0,-5554508,-837010,-4012188,-844886,1
1931,1931,0,-5554508,-2015232,-5607169,-844886,1
1932,1932,0,-6175658,-2015232,-5607169,-2034252,1
1933,1933,0,-6175658,-2921389,-6235157,-2034252,1
1934,1934,0,-5549694,-2921389,-6235157,-2949060,1
1935,1935,0,-5549694,-3379077,-5603114,-2949060,1
1936,1936,0,-5339674,-3379077,-5603114,-3411162,1
1937,1937,0,-5339674,-3885576,-5390386,-3411162,1
1938,1938,0,-6290893,-3885576,-5390386,-3922541,1
1939,1939,0,-6290893,-4737182,-6351093,-3922541,1
1940,1940,0,-6955702,-4737182,-6351093,-4782321,1
1941,1941,0,-6955702,-5497221,-7022499,-4782321,1
1942,1942,0,-6164682,-5497221,-7022499,-5549812,1
1943,1943,0,-6164682,-5724081,-6224154,-5549812,1
1944,1944,0,-5028286,-5724081,-6224154,-5778948,1
1945,1945,0,-5028286,-5707677,-5076235,-5778948,1
1946,1946,0,-5031069,-5707677,-5076235,-5762338,1
1947,1947,0,-5031069,-5961160,-5079179,-5762338,1
1948,1948,0,-5521853,-5961160,-5079179,-6018168,1
1949,1949,0,-5521853,-6332783,-5574852,-6018168,1
1950,1950,0,-4823142,-6332783,-5574852,-6393478,1
1951,1951,0,-4823142,-6259845,-4869998,-6393478,1
1952,1952,0,-3135559,-6259845,-4869998,-6319958,1
1953,1953,0,-3135559,-5728850,-3166576,-6319958,1
1954,1954,0,-2185450,-5728850,-3166576,-5783808,1
1955,1955,0,-2185450,-5301007,-2206388,-5783808,1
1956,1956,0,-2333521,-5301007,-2206388,-5351773,1
1957,1957,0,-2333521,-5159489,-2356301,-5351773,1
1958,1958,0,-1948074,-5159489,-2356301,-5208992,1
1959,1959,0,-1948074,-4809260,-1967550,-5208992,1
1960,1960,0,-257684,-4809260,-1967550,-4855731,1
1961,1961,0,-257684,-3937431,-260677,-4855731,1
1962,1962,0,1343362,-3937431,-260677,-3975711,1
1963,1963,0,1343362,-2966597,1355504,-3975711,1
1964,1964,0,1595970,-2966597,1355504,-2995522,1
1965,1965,0,1595970,-2353642,1611043,-2995522,1
1966,1966,0,1547568,-2353642,1611043,-2376631,1
1967,1967,0,1547568,-1834238,1562166,-2376631,1
1968,1968,0,2703966,-1834238,1562166,-1852311,1
1969,1969,0,2703966,-900181,2729012,-1852311,1
1970,1970,0,4434865,-900181,2729012,-909442,1
1971,1971,0,4434865,303091,4476579,-909442,1
1972,1972,0,5027249,303091,4476579,305406,1
1973,1973,0,5027249,1194623,5074996,305406,1
1974,1974,0,4578639,1194623,5074996,1205628,1
1975,1975,0,4578639,1722474,4622310,1205628,1
1976,1976,0,4814616,1722474,4622310,1738563,1
1977,1977,0,4814616,2422461,4859834,1738563,1
1978,1978,0,6116289,2422461,4859834,2445142,1
1979,1979,0,6116289,3475367,6174489,2445142,1
1980,1980,0,6855426,3475367,6174489,3508011,1
1981,1981,0,6855426,4367628,6921168,3508011,1
1982,1982,0,6167941,4367628,6921168,4408899,1
1983,1983,0,6167941,4743513,6227499,4408899,1
1984,1984,0,5413348,4743513,6227499,4788474,1
1985,1985,0,5413348,4988483,5465073,4788474,1
1986,1986,0,5864023,4988483,5465073,5035772,1
1987,1987,0,5864023,5549353,5920204,5035772,1
1988,1988,0,6507583,5549353,5920204,5602062,1
1989,1989,0,6507583,6154169,6569622,5602062,1
1990,1990,0,5804856,6154169,6569622,6212944,1
1991,1991,0,5804856,6262606,5860411,6212944,1
1992,1992,0,4318570,6262606,5860411,6322693,1
1993,1993,0,4318570,5980430,4359979,6322693,1
1994,1994,0,3761936,5980430,4359979,6037846,1
1995,1995,0,3761936,5871824,3797576,6037846,1
1996,1996,0,4093467,5871824,3797576,5928060,1
1997,1997,0,4093467,5993475,4132544,5928060,1
1998,1998,0,3602543,5993475,4132544,6050761,1
1999,1999,0,3602543,5801071,3637075,6050761,1
2000,2000,0,1864624,5801071,3637075,5856533,1
2001,2001,0,1864624,5086073,1882882,5856533,1
2002,2002,0,479532,5086073,1882882,5134674,1
2003,2003,0,479532,4343370,484294,5134674,1
2004,2004,0,380337,4343370,484294,4384826,1
2005,2005,0,380337,3938658,383898,4384826,1
2006,2006,0,260079,3938658,383898,3976221,1
2007,2007,0,260079,3502928,262702,3976221,1
2008,2008,0,-1175824,3502928,262702,3536445,1
2009,2009,0,-1175824,2584482,-1186532,3536445,1
2010,2010,0,-2941948,2584482,-1186532,2609385,1
2011,2011,0,-2941948,1445332,-2969793,2609385,1
2012,2012,0,-3451644,1445332,-2969793,1459355,1
2013,2013,0,-3451644,640843,-3484575,1459355,1
2014,2014,0,-3183020,640843,-3484575,647098,1
2015,2015,0,-3183020,97314,-3213549,647098,1
2016,2016,0,-3842194,97314,-3213549,98383,1
2017,2017,0,-3842194,-732318,-3879002,98383,1
2018,2018,0,-5422395,-732318,-3879002,-739062,1
2019,2019,0,-5422395,-1904443,-5473864,-739062,1
2020,2020,0,-6185856,-1904443,-5473864,-1922345,1
2021,2021,0,-6185856,-2857506,-6245074,-1922345,1
2022,2022,0,-5621180,-2857506,-6245074,-2884636,1
2023,2023,0,-5621180,-3342258,-5675591,-2884636,1
2024,2024,0,-5301335,-3342258,-5675591,-3374187,1
2025,2025,0,-5301335,-3820895,-5351969,-3374187,1
2026,2026,0,-6177607,-3820895,-5351969,-3857409,1
2027,2027,0,-6177607,-4649685,-6236248,-3857409,1
2028,2028,0,-6954994,-4649685,-6236248,-4694068,1
2029,2029,0,-6954994,-5446472,-7021417,-4694068,1
2030,2030,0,-6286231,-5446472,-7021417,-5498569,1
2031,2031,0,-6286231,-5722879,-6346399,-5498569,1
2032,2032,0,-5099819,-5722879,-6346399,-5777772,1
2033,2033,0,-5099819,-5701533,-5148600,-5777772,1
2034,2034,0,-4981912,-5701533,-5148600,-5756192,1
2035,2035,0,-4981912,-5922433,-5029739,-5756192,1
2036,2036,0,-5506348,-5922433,-5029739,-5978998,1
2037,2037,0,-5506348,-6308669,-5559136,-5978998,1
2038,2038,0,-4960950,-6308669,-5559136,-6368823,1
2039,2039,0,-4960950,-6293153,-5008880,-6368823,1
2040,2040,0,-3292487,-6293153,-5008880,-6353252,1
2041,2041,0,-3292487,-5784880,-3324406,-6353252,1
2042,2042,0,-2213693,-5784880,-3324406,-5840238,1
2043,2043,0,-2213693,-5326147,-2235421,-5840238,1
2044,2044,0,-2314219,-5326147,-2235421,-5377177,1
2045,2045,0,-2314219,-5172847,-2336159,-5377177,1
2046,2046,0,-2054278,-5172847,-2336159,-5222504,1
2047,2047,0,-2054278,-4867988,-2074274,-5222504,1
