Sample in Buffer,Sample in Window,TRIGGER,l_data_rx[23:0],r_data_rx[23:0],sample_ok
Radix - UNSIGNED,UNSIGNED,UNSIGNED,SIGNED,SIGNED,HEX
0,0,0,2823428,3615779,1
1,1,0,2823428,2850786,1
2,2,0,2010925,2850786,1
3,3,0,2010925,2030157,1
4,4,0,1165308,2030157,1
5,5,0,1165308,1176590,1
6,6,0,276378,1176590,1
7,7,0,276378,279447,1
8,8,0,-594220,279447,1
9,9,0,-594220,-599064,1
10,10,0,-1479082,-599064,1
11,11,0,-1479082,-1492668,1
12,12,0,-2314015,-1492668,1
13,13,0,-2314015,-2335898,1
14,14,0,-3107206,-2335898,1
15,15,0,-3107206,-3136372,1
16,16,0,-3843916,-3136372,1
17,17,0,-3843916,-3880346,1
18,18,0,-4499452,-3880346,1
19,19,0,-4499452,-4542045,1
20,20,0,-5064302,-4542045,1
21,21,0,-5064302,-5112271,1
22,22,0,-5518024,-5112271,1
23,23,0,-5518024,-5569857,1
24,24,0,-5870627,-5569857,1
25,25,0,-5870627,-5925754,1
26,26,0,-6101282,-5925754,1
27,27,0,-6101282,-6159254,1
28,28,0,-6207445,-6159254,1
29,29,0,-6207445,-6265956,1
30,30,0,-6181000,-6265956,1
31,31,0,-6181000,-6239701,1
32,32,0,-6039852,-6239701,1
33,33,0,-6039852,-6097386,1
34,34,0,-5772570,-6097386,1
35,35,0,-5772570,-5827349,1
36,36,0,-5389636,-5827349,1
37,37,0,-5389636,-5440707,1
38,38,0,-4896364,-5440707,1
39,39,0,-4896364,-4943197,1
40,40,0,-4304201,-4943197,1
41,41,0,-4304201,-4344950,1
42,42,0,-3620706,-4344950,1
43,43,0,-3620706,-3654786,1
44,44,0,-2872117,-3654786,1
45,45,0,-2872117,-2899789,1
46,46,0,-2048009,-2899789,1
47,47,0,-2048009,-2067550,1
48,48,0,-1201795,-2067550,1
49,49,0,-1201795,-1213040,1
50,50,0,-323446,-1213040,1
51,51,0,-323446,-327104,1
52,52,0,559557,-327104,1
53,53,0,559557,564692,1
54,54,0,1433572,564692,1
55,55,0,1433572,1447099,1
56,56,0,2278422,1447099,1
57,57,0,2278422,2299819,1
58,58,0,3073113,2299819,1
59,59,0,3073113,3101641,1
60,60,0,3807245,3101641,1
61,61,0,3807245,3842733,1
62,62,0,4465770,3842733,1
63,63,0,4465770,4507970,1
64,64,0,5036100,4507970,1
65,65,0,5036100,5082887,1
66,66,0,5499066,5082887,1
67,67,0,5499066,5550362,1
68,68,0,5852260,5550362,1
69,69,0,5852260,5907291,1
70,70,0,6087796,5907291,1
71,71,0,6087796,6144954,1
72,72,0,6208562,6144954,1
73,73,0,6208562,6267337,1
74,74,0,6183180,6267337,1
75,75,0,6183180,6241864,1
76,76,0,6051080,6241864,1
77,77,0,6051080,6107963,1
78,78,0,5789615,6107963,1
79,79,0,5789615,5844219,1
80,80,0,5404697,5844219,1
81,81,0,5404697,5455605,1
82,82,0,4922889,5455605,1
83,83,0,4922889,4969309,1
84,84,0,4328368,4969309,1
85,85,0,4328368,4369577,1
86,86,0,3660579,4369577,1
87,87,0,3660579,3695237,1
88,88,0,2903147,3695237,1
89,89,0,2903147,2930841,1
90,90,0,2082831,2930841,1
91,91,0,2082831,2102893,1
92,92,0,1233059,2102893,1
93,93,0,1233059,1245255,1
94,94,0,355680,1245255,1
95,95,0,355680,359275,1
96,96,0,-516637,359275,1
97,97,0,-516637,-521212,1
98,98,0,-1387950,-521212,1
99,99,0,-1387950,-1400640,1
100,100,0,-2234307,-1400640,1
101,101,0,-2234307,-2255184,1
102,102,0,-3037060,-2255184,1
103,103,0,-3037060,-3065890,1
104,104,0,-3779288,-3065890,1
105,105,0,-3779288,-3815202,1
106,106,0,-4439394,-3815202,1
107,107,0,-4439394,-4481229,1
108,108,0,-5010378,-4481229,1
109,109,0,-5010378,-5057996,1
110,110,0,-5483155,-5057996,1
111,111,0,-5483155,-5534777,1
112,112,0,-5841862,-5534777,1
113,113,0,-5841862,-5897005,1
114,114,0,-6083275,-5897005,1
115,115,0,-6083275,-6140498,1
116,116,0,-6201759,-6140498,1
117,117,0,-6201759,-6260322,1
118,118,0,-6195522,-6260322,1
119,119,0,-6195522,-6254481,1
120,120,0,-6056481,-6254481,1
121,121,0,-6056481,-6113491,1
122,122,0,-5806409,-6113491,1
123,123,0,-5806409,-5861552,1
124,124,0,-5426401,-5861552,1
125,125,0,-5426401,-5478082,1
126,126,0,-4951679,-5478082,1
127,127,0,-4951679,-4998786,1
128,128,0,-4360255,-4998786,1
129,129,0,-4360255,-4401852,1
130,130,0,-3688338,-4401852,1
131,131,0,-3688338,-3723818,1
132,132,0,-2943608,-3723818,1
133,133,0,-2943608,-2971521,1
134,134,0,-2138997,-2971521,1
135,135,0,-2138997,-2159499,1
136,136,0,-1287689,-2159499,1
137,137,0,-1287689,-1300260,1
138,138,0,-411732,-1300260,1
139,139,0,-411732,-416058,1
140,140,0,475965,-416058,1
141,141,0,475965,480195,1
142,142,0,1347618,480195,1
143,143,0,1347618,1359998,1
144,144,0,2197970,1359998,1
145,145,0,2197970,2218840,1
146,146,0,2996132,2218840,1
147,147,0,2996132,3024191,1
148,148,0,3742343,3024191,1
149,149,0,3742343,3777279,1
150,150,0,4403966,3777279,1
151,151,0,4403966,4445613,1
152,152,0,4985262,4445613,1
153,153,0,4985262,5031785,1
154,154,0,5461306,5031785,1
155,155,0,5461306,5512779,1
156,156,0,5825114,5512779,1
157,157,0,5825114,5880223,1
158,158,0,6071645,5880223,1
159,159,0,6071645,6128941,1
160,160,0,6192836,6128941,1
161,161,0,6192836,6251431,1
162,162,0,6195466,6251431,1
163,163,0,6195466,6254105,1
164,164,0,6066617,6254105,1
165,165,0,6066617,6123879,1
166,166,0,5814123,6123879,1
167,167,0,5814123,5869290,1
168,168,0,5448466,5869290,1
169,169,0,5448466,5499945,1
170,170,0,4968992,5499945,1
171,171,0,4968992,5016346,1
172,172,0,4393176,5016346,1
173,173,0,4393176,4435062,1
174,174,0,3720992,4435062,1
175,175,0,3720992,3756465,1
176,176,0,2983182,3756465,1
177,177,0,2983182,3011414,1
178,178,0,2171216,3011414,1
179,179,0,2171216,2192240,1
180,180,0,1328794,2192240,1
181,181,0,1328794,1341761,1
182,182,0,451475,1341761,1
183,183,0,451475,455775,1
184,184,0,-430834,455775,1
185,185,0,-430834,-434764,1
186,186,0,-1308892,-434764,1
187,187,0,-1308892,-1320986,1
188,188,0,-2156934,-1320986,1
189,189,0,-2156934,-2176903,1
190,190,0,-2963982,-2176903,1
191,191,0,-2963982,-2991740,1
192,192,0,-3709591,-2991740,1
193,193,0,-3709591,-3744485,1
194,194,0,-4377063,-3744485,1
195,195,0,-4377063,-4418722,1
196,196,0,-4960171,-4418722,1
197,197,0,-4960171,-5006710,1
198,198,0,-5439010,-5006710,1
199,199,0,-5439010,-5490528,1
200,200,0,-5814067,-5490528,1
201,201,0,-5814067,-5869025,1
202,202,0,-6061092,-5869025,1
203,203,0,-6061092,-6118490,1
204,204,0,-6195814,-6118490,1
205,205,0,-6195814,-6254326,1
206,206,0,-6198709,-6254326,1
207,207,0,-6198709,-6257667,1
208,208,0,-6078953,-6257667,1
209,209,0,-6078953,-6136701,1
210,210,0,-5834306,-6136701,1
211,211,0,-5834306,-5889800,1
212,212,0,-5472520,-5889800,1
213,213,0,-5472520,-5524773,1
214,214,0,-4995949,-5524773,1
215,215,0,-4995949,-5043538,1
216,216,0,-4425979,-5043538,1
217,217,0,-4425979,-4468445,1
218,218,0,-3758326,-4468445,1
219,219,0,-3758326,-3794170,1
220,220,0,-3023745,-3794170,1
221,221,0,-3023745,-3052728,1
222,222,0,-2212341,-3052728,1
223,223,0,-2212341,-2234336,1
224,224,0,-1372857,-2234336,1
225,225,0,-1372857,-1386076,1
226,226,0,-496303,-1386076,1
227,227,0,-496303,-501280,1
228,228,0,394829,-501280,1
229,229,0,394829,397807,1
230,230,0,1262318,397807,1
231,231,0,1262318,1274180,1
232,232,0,2107992,1274180,1
233,233,0,2107992,2127792,1
234,234,0,2930285,2127792,1
235,235,0,2930285,2957186,1
236,236,0,3673779,2957186,1
237,237,0,3673779,3707772,1
238,238,0,4348353,3707772,1
239,239,0,4348353,4388666,1
240,240,0,4928960,4388666,1
241,241,0,4928960,4975729,1
242,242,0,5418936,4975729,1
243,243,0,5418936,5469814,1
244,244,0,5793870,5469814,1
245,245,0,5793870,5848658,1
246,246,0,6051522,5848658,1
247,247,0,6051522,6108494,1
248,248,0,6187934,6108494,1
249,249,0,6187934,6246550,1
250,250,0,6204486,6246550,1
251,251,0,6204486,6263025,1
252,252,0,6080928,6263025,1
253,253,0,6080928,6138229,1
254,254,0,5845677,6138229,1
255,255,0,5845677,5900802,1
256,256,0,5486322,5900802,1
257,257,0,5486322,5538936,1
258,258,0,5026519,5538936,1
259,259,0,5026519,5073826,1
260,260,0,4451384,5073826,1
261,261,0,4451384,4493961,1
262,262,0,3793656,4493961,1
263,263,0,3793656,3829826,1
264,264,0,3054814,3829826,1
265,265,0,3054814,3083998,1
266,266,0,2255389,3083998,1
267,267,0,2255389,2277172,1
268,268,0,1409154,2277172,1
269,269,0,1409154,1422669,1
270,270,0,537342,1422669,1
271,271,0,537342,542920,1
272,272,0,-348547,542920,1
273,273,0,-348547,-351875,1
274,274,0,-1222714,-351875,1
275,275,0,-1222714,-1234508,1
276,276,0,-2073837,-1234508,1
277,277,0,-2073837,-2092595,1
278,278,0,-2889240,-2092595,1
279,279,0,-2889240,-2916270,1
280,280,0,-3635077,-2916270,1
281,281,0,-3635077,-3669466,1
282,282,0,-4315915,-3669466,1
283,283,0,-4315915,-4356662,1
284,284,0,-4908227,-4356662,1
285,285,0,-4908227,-4954599,1
286,286,0,-5398666,-4954599,1
287,287,0,-5398666,-5449719,1
288,288,0,-5782421,-5449719,1
289,289,0,-5782421,-5836822,1
290,290,0,-6046861,-5836822,1
291,291,0,-6046861,-6104014,1
292,292,0,-6186272,-6104014,1
293,293,0,-6186272,-6245061,1
294,294,0,-6205219,-6245061,1
295,295,0,-6205219,-6263832,1
296,296,0,-6091344,-6263832,1
297,297,0,-6091344,-6149137,1
298,298,0,-5866156,-6149137,1
299,299,0,-5866156,-5921785,1
300,300,0,-5513257,-5921785,1
301,301,0,-5513257,-5565223,1
302,302,0,-5046396,-5565223,1
303,303,0,-5046396,-5094163,1
304,304,0,-4481396,-5094163,1
305,305,0,-4481396,-4524446,1
306,306,0,-3829066,-4524446,1
307,307,0,-3829066,-3865458,1
308,308,0,-3096613,-3865458,1
309,309,0,-3096613,-3126390,1
310,310,0,-2296046,-3126390,1
311,311,0,-2296046,-2318282,1
312,312,0,-1448253,-2318282,1
313,313,0,-1448253,-1462194,1
314,314,0,-581297,-1462194,1
315,315,0,-581297,-587124,1
316,316,0,301250,-587124,1
317,317,0,301250,303465,1
318,318,0,1180119,303465,1
319,319,0,1180119,1190465,1
320,320,0,2030025,1190465,1
321,321,0,2030025,2048732,1
322,322,0,2851147,2048732,1
323,323,0,2851147,2878054,1
324,324,0,3604047,2878054,1
325,325,0,3604047,3637533,1
326,326,0,4285580,3637533,1
327,327,0,4285580,4325366,1
328,328,0,4878607,4325366,1
329,329,0,4878607,4924041,1
330,330,0,5376763,4924041,1
331,331,0,5376763,5427535,1
332,332,0,5764640,5427535,1
333,333,0,5764640,5818945,1
334,334,0,6032868,5818945,1
335,335,0,6032868,6089688,1
336,336,0,6180620,6089688,1
337,337,0,6180620,6238987,1
338,338,0,6201151,6238987,1
339,339,0,6201151,6259791,1
340,340,0,6102443,6259791,1
341,341,0,6102443,6160270,1
342,342,0,5875490,6160270,1
343,343,0,5875490,5930862,1
344,344,0,5529440,5930862,1
345,345,0,5529440,5581661,1
346,346,0,5072332,5581661,1
347,347,0,5072332,5120347,1
348,348,0,4508956,5120347,1
349,349,0,4508956,4551831,1
350,350,0,3858283,4551831,1
351,351,0,3858283,3894879,1
352,352,0,3130628,3894879,1
353,353,0,3130628,3160041,1
354,354,0,2336377,3160041,1
355,355,0,2336377,2358982,1
356,356,0,1491373,2358982,1
357,357,0,1491373,1506116,1
358,358,0,622585,1506116,1
359,359,0,622585,628668,1
360,360,0,-258979,628668,1
361,361,0,-258979,-261584,1
362,362,0,-1139899,-261584,1
363,363,0,-1139899,-1150307,1
364,364,0,-1994179,-1150307,1
365,365,0,-1994179,-2012880,1
366,366,0,-2808389,-2012880,1
367,367,0,-2808389,-2835030,1
368,368,0,-3576087,-2835030,1
369,369,0,-3576087,-3609686,1
370,370,0,-4251259,-3609686,1
371,371,0,-4251259,-4291410,1
372,372,0,-4858044,-4291410,1
373,373,0,-4858044,-4903203,1
374,374,0,-5361516,-4903203,1
375,375,0,-5361516,-5412010,1
376,376,0,-5743090,-5412010,1
377,377,0,-5743090,-5797483,1
378,378,0,-6025675,-5797483,1
379,379,0,-6025675,-6082591,1
380,380,0,-6179151,-6082591,1
381,381,0,-6179151,-6237495,1
382,382,0,-6201632,-6237495,1
383,383,0,-6201632,-6260304,1
384,384,0,-6111436,-6260304,1
385,385,0,-6111436,-6169135,1
386,386,0,-5892178,-6169135,1
387,387,0,-5892178,-5948161,1
388,388,0,-5552703,-5948161,1
389,389,0,-5552703,-5605535,1
390,390,0,-5099017,-5605535,1
391,391,0,-5099017,-5147658,1
392,392,0,-4535383,-5147658,1
393,393,0,-4535383,-4578521,1
394,394,0,-3896723,-4578521,1
395,395,0,-3896723,-3933935,1
396,396,0,-3165396,-3933935,1
397,397,0,-3165396,-3195402,1
398,398,0,-2374114,-3195402,1
399,399,0,-2374114,-2397012,1
400,400,0,-1539329,-2397012,1
401,401,0,-1539329,-1554355,1
402,402,0,-663563,-1554355,1
403,403,0,-663563,-669945,1
404,404,0,217829,-669945,1
405,405,0,217829,219721,1
406,406,0,1089121,219721,1
407,407,0,1089121,1099003,1
408,408,0,1955978,1099003,1
409,409,0,1955978,1974309,1
410,410,0,2768859,1974309,1
411,411,0,2768859,2794665,1
412,412,0,3534679,2794665,1
413,413,0,3534679,3567700,1
414,414,0,4222755,3567700,1
415,415,0,4222755,4262235,1
416,416,0,4830246,4262235,1
417,417,0,4830246,4875692,1
418,418,0,5328036,4875692,1
419,419,0,5328036,5377859,1
420,420,0,5734213,5377859,1
421,421,0,5734213,5788195,1
422,422,0,6008732,5788195,1
423,423,0,6008732,6065367,1
424,424,0,6169378,6065367,1
425,425,0,6169378,6227647,1
426,426,0,6206576,6227647,1
427,427,0,6206576,6265157,1
428,428,0,6120173,6265157,1
429,429,0,6120173,6177505,1
430,430,0,5902319,6177505,1
431,431,0,5902319,5958284,1
432,432,0,5564315,5958284,1
433,433,0,5564315,5617312,1
434,434,0,5127313,5617312,1
435,435,0,5127313,5176203,1
436,436,0,4569079,5176203,1
437,437,0,4569079,4612362,1
438,438,0,3924458,4612362,1
439,439,0,3924458,3961988,1
440,440,0,3199464,3961988,1
441,441,0,3199464,3229827,1
442,442,0,2416330,3229827,1
443,443,0,2416330,2439263,1
444,444,0,1574760,2439263,1
445,445,0,1574760,1590007,1
446,446,0,706974,1590007,1
447,447,0,706974,714382,1
448,448,0,-174250,714382,1
449,449,0,-174250,-175885,1
450,450,0,-1055064,-175885,1
451,451,0,-1055064,-1064465,1
452,452,0,-1913994,-1064465,1
453,453,0,-1913994,-1931556,1
454,454,0,-2733550,-1931556,1
455,455,0,-2733550,-2759067,1
456,456,0,-3501374,-2759067,1
457,457,0,-3501374,-3533841,1
458,458,0,-4189889,-3533841,1
459,459,0,-4189889,-4229269,1
460,460,0,-4798433,-4229269,1
461,461,0,-4798433,-4843528,1
462,462,0,-5313534,-4843528,1
463,463,0,-5313534,-5363419,1
464,464,0,-5716218,-5363419,1
465,465,0,-5716218,-5770060,1
466,466,0,-6003243,-5770060,1
467,467,0,-6003243,-6059835,1
468,468,0,-6170462,-6059835,1
469,469,0,-6170462,-6228459,1
470,470,0,-6206885,-6228459,1
471,471,0,-6206885,-6265318,1
472,472,0,-6120299,-6265318,1
473,473,0,-6120299,-6178057,1
474,474,0,-5918938,-6178057,1
475,475,0,-5918938,-5975038,1
476,476,0,-5589128,-5975038,1
477,477,0,-5589128,-5642257,1
478,478,0,-5150360,-5642257,1
479,479,0,-5150360,-5199083,1
480,480,0,-4596406,-5199083,1
481,481,0,-4596406,-4640153,1
482,482,0,-3963158,-4640153,1
483,483,0,-3963158,-4000800,1
484,484,0,-3239400,-4000800,1
485,485,0,-3239400,-3270026,1
486,486,0,-2454289,-3270026,1
487,487,0,-2454289,-2477259,1
488,488,0,-1616681,-2477259,1
489,489,0,-1616681,-1632541,1
490,490,0,-752377,-1632541,1
491,491,0,-752377,-759532,1
492,492,0,129824,-759532,1
493,493,0,129824,130432,1
494,494,0,1012959,130432,1
495,495,0,1012959,1022227,1
496,496,0,1874210,1022227,1
497,497,0,1874210,1890792,1
498,498,0,2694049,1890792,1
499,499,0,2694049,2719123,1
500,500,0,3462749,2719123,1
501,501,0,3462749,3495194,1
502,502,0,4158095,3495194,1
503,503,0,4158095,4196891,1
504,504,0,4768420,4196891,1
505,505,0,4768420,4812988,1
506,506,0,5294408,4812988,1
507,507,0,5294408,5343419,1
508,508,0,5696957,5343419,1
509,509,0,5696957,5750748,1
510,510,0,5988827,5750748,1
511,511,0,5988827,6045138,1
512,512,0,6167633,6045138,1
513,513,0,6167633,6225748,1
514,514,0,6205088,6225748,1
515,515,0,6205088,6263807,1
516,516,0,6132740,6263807,1
517,517,0,6132740,6190767,1
518,518,0,5931049,6190767,1
519,519,0,5931049,5987451,1
520,520,0,5602394,5987451,1
521,521,0,5602394,5655578,1
522,522,0,5166619,5655578,1
523,523,0,5166619,5215516,1
524,524,0,4624193,5215516,1
525,525,0,4624193,4668010,1
526,526,0,3989386,4668010,1
527,527,0,3989386,4027697,1
528,528,0,3279097,4027697,1
529,529,0,3279097,3310360,1
530,530,0,2492967,3310360,1
531,531,0,2492967,2516320,1
532,532,0,1661901,2516320,1
533,533,0,1661901,1677259,1
534,534,0,789827,1677259,1
535,535,0,789827,797644,1
536,536,0,-88721,797644,1
537,537,0,-88721,-89667,1
538,538,0,-970755,-89667,1
539,539,0,-970755,-979804,1
540,540,0,-1831347,-979804,1
541,541,0,-1831347,-1849020,1
542,542,0,-2657649,-1849020,1
543,543,0,-2657649,-2682159,1
544,544,0,-3427559,-2682159,1
545,545,0,-3427559,-3460264,1
546,546,0,-4132068,-3460264,1
547,547,0,-4132068,-4171032,1
548,548,0,-4742977,-4171032,1
549,549,0,-4742977,-4787612,1
550,550,0,-5266721,-4787612,1
551,551,0,-5266721,-5316554,1
552,552,0,-5679106,-5316554,1
553,553,0,-5679106,-5732637,1
554,554,0,-5983287,-5732637,1
555,555,0,-5983287,-6039950,1
556,556,0,-6154695,-6039950,1
557,557,0,-6154695,-6213192,1
558,558,0,-6212211,-6213192,1
559,559,0,-6212211,-6271235,1
560,560,0,-6144078,-6271235,1
561,561,0,-6144078,-6202528,1
562,562,0,-5940589,-6202528,1
563,563,0,-5940589,-5997487,1
564,564,0,-5623207,-5997487,1
565,565,0,-5623207,-5676466,1
566,566,0,-5197200,-5676466,1
567,567,0,-5197200,-5246665,1
568,568,0,-4653862,-5246665,1
569,569,0,-4653862,-4698123,1
570,570,0,-4023329,-4698123,1
571,571,0,-4023329,-4061801,1
572,572,0,-3313482,-4061801,1
573,573,0,-3313482,-3344951,1
574,574,0,-2532209,-3344951,1
575,575,0,-2532209,-2556385,1
576,576,0,-1708275,-2556385,1
577,577,0,-1708275,-1724631,1
578,578,0,-832431,-1724631,1
579,579,0,-832431,-841065,1
580,580,0,46619,-841065,1
581,581,0,46619,46773,1
582,582,0,924383,46773,1
583,583,0,924383,932730,1
584,584,0,1791641,932730,1
585,585,0,1791641,1808374,1
586,586,0,2615798,1808374,1
587,587,0,2615798,2639840,1
588,588,0,3391685,2639840,1
589,589,0,3391685,3423952,1
590,590,0,4096414,3423952,1
591,591,0,4096414,4134753,1
592,592,0,4716110,4134753,1
593,593,0,4716110,4760501,1
594,594,0,5243310,4760501,1
595,595,0,5243310,5292237,1
596,596,0,5661951,5292237,1
597,597,0,5661951,5715370,1
598,598,0,5966809,5715370,1
599,599,0,5966809,6023145,1
600,600,0,6152883,6023145,1
601,601,0,6152883,6210757,1
602,602,0,6210586,6210757,1
603,603,0,6210586,6269209,1
604,604,0,6140015,6269209,1
605,605,0,6140015,6197763,1
606,606,0,5958776,6197763,1
607,607,0,5958776,6015051,1
608,608,0,5643953,6015051,1
609,609,0,5643953,5697511,1
610,610,0,5210797,5697511,1
611,611,0,5210797,5260083,1
612,612,0,4681114,5260083,1
613,613,0,4681114,4725606,1
614,614,0,4058844,4725606,1
615,615,0,4058844,4097104,1
616,616,0,3350457,4097104,1
617,617,0,3350457,3382366,1
618,618,0,2571765,3382366,1
619,619,0,2571765,2596528,1
620,620,0,1744545,2596528,1
621,621,0,1744545,1760958,1
622,622,0,874180,1760958,1
623,623,0,874180,882872,1
624,624,0,-462,882872,1
625,625,0,-462,-153,1
626,626,0,-890781,-153,1
627,627,0,-890781,-898828,1
628,628,0,-1748744,-898828,1
629,629,0,-1748744,-1764862,1
630,630,0,-2579805,-1764862,1
631,631,0,-2579805,-2604414,1
632,632,0,-3354632,-2604414,1
633,633,0,-3354632,-3385512,1
634,634,0,-4061615,-3385512,1
635,635,0,-4061615,-4099465,1
636,636,0,-4691714,-4099465,1
637,637,0,-4691714,-4735847,1
638,638,0,-5222004,-4735847,1
639,639,0,-5222004,-5271131,1
640,640,0,-5647931,-5271131,1
641,641,0,-5647931,-5701410,1
642,642,0,-5953478,-5701410,1
643,643,0,-5953478,-6009829,1
644,644,0,-6147627,-6009829,1
645,645,0,-6147627,-6205979,1
646,646,0,-6210725,-6205979,1
647,647,0,-6210725,-6269727,1
648,648,0,-6151155,-6269727,1
649,649,0,-6151155,-6209395,1
650,650,0,-5968952,-6209395,1
651,651,0,-5968952,-6026115,1
652,652,0,-5662761,-6026115,1
653,653,0,-5662761,-5716743,1
654,654,0,-5237614,-5716743,1
655,655,0,-5237614,-5287295,1
656,656,0,-4711590,-5287295,1
657,657,0,-4711590,-4756107,1
658,658,0,-4094748,-4756107,1
659,659,0,-4094748,-4133797,1
660,660,0,-3385801,-4133797,1
661,661,0,-3385801,-3418201,1
662,662,0,-2608964,-3418201,1
663,663,0,-2608964,-2634005,1
664,664,0,-1782803,-2634005,1
665,665,0,-1782803,-1800270,1
666,666,0,-922100,-1800270,1
667,667,0,-922100,-930850,1
668,668,0,-37389,-930850,1
669,669,0,-37389,-38346,1
670,670,0,843317,-38346,1
671,671,0,843317,850702,1
672,672,0,1710080,850702,1
673,673,0,1710080,1725786,1
674,674,0,2538573,1725786,1
675,675,0,2538573,2562610,1
676,676,0,3316889,2562610,1
677,677,0,3316889,3347939,1
678,678,0,4030158,3347939,1
679,679,0,4030158,4067959,1
680,680,0,4660027,4067959,1
681,681,0,4660027,4704215,1
682,682,0,5195546,4704215,1
683,683,0,5195546,5244840,1
684,684,0,5628322,5244840,1
685,685,0,5628322,5681979,1
686,686,0,5941634,5681979,1
687,687,0,5941634,5997898,1
688,688,0,6139987,5997898,1
689,689,0,6139987,6197819,1
690,690,0,6210508,6197819,1
691,691,0,6210508,6269439,1
692,692,0,6156826,6269439,1
693,693,0,6156826,6215164,1
694,694,0,5973837,6215164,1
695,695,0,5973837,6030505,1
696,696,0,5680135,6030505,1
697,697,0,5680135,5733726,1
698,698,0,5260042,5733726,1
699,699,0,5260042,5310178,1
700,700,0,4742296,5310178,1
701,701,0,4742296,4787504,1
702,702,0,4120239,4787504,1
703,703,0,4120239,4159686,1
704,704,0,3416136,4159686,1
705,705,0,3416136,3448769,1
706,706,0,2649742,3448769,1
707,707,0,2649742,2675205,1
708,708,0,1825162,2675205,1
709,709,0,1825162,1842954,1
710,710,0,963236,1842954,1
711,711,0,963236,972745,1
712,712,0,81480,972745,1
713,713,0,81480,82423,1
714,714,0,-802039,82423,1
715,715,0,-802039,-809151,1
716,716,0,-1665017,-809151,1
717,717,0,-1665017,-1680757,1
718,718,0,-2498883,-1680757,1
719,719,0,-2498883,-2522065,1
720,720,0,-3284011,-2522065,1
721,721,0,-3284011,-3315035,1
722,722,0,-4002698,-3315035,1
723,723,0,-4002698,-4040283,1
724,724,0,-4629652,-4040283,1
725,725,0,-4629652,-4673541,1
726,726,0,-5174143,-4673541,1
727,727,0,-5174143,-5223227,1
728,728,0,-5615495,-5223227,1
729,729,0,-5615495,-5668109,1
730,730,0,-5928700,-5668109,1
731,731,0,-5928700,-5984532,1
732,732,0,-6134148,-5984532,1
733,733,0,-6134148,-6191964,1
734,734,0,-6210143,-6191964,1
735,735,0,-6210143,-6268802,1
736,736,0,-6164305,-6268802,1
737,737,0,-6164305,-6222556,1
738,738,0,-5990620,-6222556,1
739,739,0,-5990620,-6046933,1
740,740,0,-5695395,-6046933,1
741,741,0,-5695395,-5749350,1
742,742,0,-5287091,-5749350,1
743,743,0,-5287091,-5337069,1
744,744,0,-4767677,-5337069,1
745,745,0,-4767677,-4812796,1
746,746,0,-4151285,-4812796,1
747,747,0,-4151285,-4190864,1
748,748,0,-3458609,-4190864,1
749,749,0,-3458609,-3491624,1
750,750,0,-2688463,-3491624,1
751,751,0,-2688463,-2714465,1
752,752,0,-1861463,-2714465,1
753,753,0,-1861463,-1879302,1
754,754,0,-1007691,-1879302,1
755,755,0,-1007691,-1017492,1
756,756,0,-125649,-1017492,1
757,757,0,-125649,-127094,1
758,758,0,757360,-127094,1
759,759,0,757360,764009,1
760,760,0,1626187,764009,1
761,761,0,1626187,1641025,1
762,762,0,2463625,1641025,1
763,763,0,2463625,2486443,1
764,764,0,3244517,2486443,1
765,765,0,3244517,3274898,1
766,766,0,3966057,3274898,1
767,767,0,3966057,4003997,1
768,768,0,4602828,4003997,1
769,769,0,4602828,4646323,1
770,770,0,5146882,4646323,1
771,771,0,5146882,5195404,1
772,772,0,5588903,5195404,1
773,773,0,5588903,5641519,1
774,774,0,5918420,5641519,1
775,775,0,5918420,5974538,1
776,776,0,6126837,5974538,1
777,777,0,6126837,6184731,1
778,778,0,6203755,6184731,1
779,779,0,6203755,6262773,1
780,780,0,6170036,6262773,1
781,781,0,6170036,6228426,1
782,782,0,5999379,6228426,1
783,783,0,5999379,6056258,1
784,784,0,5712606,6056258,1
785,785,0,5712606,5766749,1
786,786,0,5306703,5766749,1
787,787,0,5306703,5357389,1
788,788,0,4794954,5357389,1
789,789,0,4794954,4840412,1
790,790,0,4186541,4840412,1
791,791,0,4186541,4226489,1
792,792,0,3491369,4226489,1
793,793,0,3491369,3524924,1
794,794,0,2725894,3524924,1
795,795,0,2725894,2752229,1
796,796,0,1904147,2752229,1
797,797,0,1904147,1922261,1
798,798,0,1050912,1922261,1
799,799,0,1050912,1061193,1
800,800,0,167704,1061193,1
801,801,0,167704,169248,1
802,802,0,-719551,169248,1
803,803,0,-719551,-725899,1
804,804,0,-1582697,-725899,1
805,805,0,-1582697,-1597265,1
806,806,0,-2424243,-1597265,1
807,807,0,-2424243,-2446638,1
808,808,0,-3210277,-2446638,1
809,809,0,-3210277,-3240468,1
810,810,0,-3929221,-3240468,1
811,811,0,-3929221,-3966006,1
812,812,0,-4577358,-3966006,1
813,813,0,-4577358,-4620371,1
814,814,0,-5126818,-4620371,1
815,815,0,-5126818,-5175230,1
816,816,0,-5572113,-5175230,1
817,817,0,-5572113,-5624510,1
818,818,0,-5905282,-5624510,1
819,819,0,-5905282,-5960937,1
820,820,0,-6120175,-5960937,1
821,821,0,-6120175,-6178163,1
822,822,0,-6208080,-6178163,1
823,823,0,-6208080,-6266559,1
824,824,0,-6174826,-6266559,1
825,825,0,-6174826,-6233290,1
826,826,0,-6013336,-6233290,1
827,827,0,-6013336,-6070337,1
828,828,0,-5727493,-6070337,1
829,829,0,-5727493,-5781463,1
830,830,0,-5327145,-5781463,1
831,831,0,-5327145,-5377980,1
832,832,0,-4823228,-5377980,1
833,833,0,-4823228,-4868660,1
834,834,0,-4218072,-4868660,1
835,835,0,-4218072,-4258391,1
836,836,0,-3526797,-4258391,1
837,837,0,-3526797,-3560011,1
838,838,0,-2766919,-3560011,1
839,839,0,-2766919,-2793628,1
840,840,0,-1946901,-2793628,1
841,841,0,-1946901,-1965854,1
842,842,0,-1088088,-1965854,1
843,843,0,-1088088,-1099148,1
844,844,0,-211945,-1099148,1
845,845,0,-211945,-214177,1
846,846,0,670334,-214177,1
847,847,0,670334,676462,1
848,848,0,1545590,676462,1
849,849,0,1545590,1560055,1
850,850,0,2383373,1560055,1
851,851,0,2383373,2405778,1
852,852,0,3174833,2405778,1
853,853,0,3174833,3204393,1
854,854,0,3897885,3204393,1
855,855,0,3897885,3935151,1
856,856,0,4544350,3935151,1
857,857,0,4544350,4587522,1
858,858,0,5102846,4587522,1
859,859,0,5102846,5150932,1
860,860,0,5553082,5150932,1
861,861,0,5553082,5605617,1
862,862,0,5890831,5605617,1
863,863,0,5890831,5946577,1
864,864,0,6111911,5946577,1
865,865,0,6111911,6169581,1
866,866,0,6204037,6169581,1
867,867,0,6204037,6262640,1
868,868,0,6176282,6262640,1
869,869,0,6176282,6234317,1
870,870,0,6023038,6234317,1
871,871,0,6023038,6079998,1
872,872,0,5743574,6079998,1
873,873,0,5743574,5798040,1
874,874,0,5345172,5798040,1
875,875,0,5345172,5395894,1
876,876,0,4847842,5395894,1
877,877,0,4847842,4893829,1
878,878,0,4255598,4893829,1
879,879,0,4255598,4296058,1
880,880,0,3561879,4296058,1
881,881,0,3561879,3595695,1
882,882,0,2802302,3595695,1
883,883,0,2802302,2829187,1
884,884,0,1987178,2829187,1
885,885,0,1987178,2006309,1
886,886,0,1130320,2006309,1
887,887,0,1130320,1141380,1
888,888,0,253767,1141380,1
889,889,0,253767,256589,1
890,890,0,-627593,256589,1
891,891,0,-627593,-633057,1
892,892,0,-1503026,-633057,1
893,893,0,-1503026,-1516955,1
894,894,0,-2346265,-1516955,1
895,895,0,-2346265,-2367894,1
896,896,0,-3136635,-2367894,1
897,897,0,-3136635,-3165801,1
898,898,0,-3864605,-3165801,1
899,899,0,-3864605,-3900891,1
900,900,0,-4517705,-3900891,1
901,901,0,-4517705,-4559963,1
902,902,0,-5078109,-4559963,1
903,903,0,-5078109,-5125513,1
904,904,0,-5531333,-5125513,1
905,905,0,-5531333,-5583187,1
906,906,0,-5879572,-5583187,1
907,907,0,-5879572,-5935144,1
908,908,0,-6105890,-5935144,1
909,909,0,-6105890,-6163377,1
910,910,0,-6206048,-6163377,1
911,911,0,-6206048,-6264493,1
912,912,0,-6177850,-6264493,1
913,913,0,-6177850,-6236222,1
914,914,0,-6037460,-6236222,1
915,915,0,-6037460,-6094646,1
916,916,0,-5759817,-6094646,1
917,917,0,-5759817,-5814519,1
918,918,0,-5373157,-5814519,1
919,919,0,-5373157,-5424294,1
920,920,0,-4878368,-5424294,1
921,921,0,-4878368,-4924889,1
922,922,0,-4280368,-4924889,1
923,923,0,-4280368,-4321115,1
924,924,0,-3596136,-4321115,1
925,925,0,-3596136,-3630381,1
926,926,0,-2842306,-3630381,1
927,927,0,-2842306,-2869595,1
928,928,0,-2028796,-2869595,1
929,929,0,-2028796,-2048293,1
930,930,0,-1177786,-2048293,1
931,931,0,-1177786,-1188667,1
932,932,0,-293907,-1188667,1
933,933,0,-293907,-297203,1
934,934,0,593106,-297203,1
935,935,0,593106,598387,1
936,936,0,1460211,598387,1
937,937,0,1460211,1473858,1
938,938,0,2301903,1473858,1
939,939,0,2301903,2323373,1
940,940,0,3099332,2323373,1
941,941,0,3099332,3128597,1
942,942,0,3830446,3128597,1
943,943,0,3830446,3866792,1
944,944,0,4485462,3866792,1
945,945,0,4485462,4527956,1
946,946,0,5053615,4527956,1
947,947,0,5053615,5101227,1
948,948,0,5512300,5101227,1
949,949,0,5512300,5564139,1
950,950,0,5863731,5564139,1
951,951,0,5863731,5919336,1
952,952,0,6095164,5919336,1
953,953,0,6095164,6152911,1
954,954,0,6202112,6152911,1
955,955,0,6202112,6260756,1
956,956,0,6186329,6260756,1
957,957,0,6186329,6244565,1
958,958,0,6043713,6244565,1
959,959,0,6043713,6100963,1
960,960,0,5774933,6100963,1
961,961,0,5774933,5829623,1
962,962,0,5393910,5829623,1
963,963,0,5393910,5444844,1
964,964,0,4898359,5444844,1
965,965,0,4898359,4945125,1
966,966,0,4312681,4945125,1
967,967,0,4312681,4353389,1
968,968,0,3630469,4353389,1
969,969,0,3630469,3665315,1
970,970,0,2881936,3665315,1
971,971,0,2881936,2909454,1
972,972,0,2068900,2909454,1
973,973,0,2068900,2089069,1
974,974,0,1213662,2089069,1
975,975,0,1213662,1226053,1
976,976,0,335954,1226053,1
977,977,0,335954,339194,1
978,978,0,-544356,339194,1
979,979,0,-544356,-549128,1
980,980,0,-1415103,-549128,1
981,981,0,-1415103,-1427991,1
982,982,0,-2264562,-1427991,1
983,983,0,-2264562,-2285595,1
984,984,0,-3062913,-2285595,1
985,985,0,-3062913,-3091362,1
986,986,0,-3799956,-3091362,1
987,987,0,-3799956,-3835654,1
988,988,0,-4457017,-3835654,1
989,989,0,-4457017,-4498966,1
990,990,0,-5027439,-4498966,1
991,991,0,-5027439,-5074794,1
992,992,0,-5492487,-5074794,1
993,993,0,-5492487,-5544099,1
994,994,0,-5853519,-5544099,1
995,995,0,-5853519,-5908762,1
996,996,0,-6085528,-5908762,1
997,997,0,-6085528,-6142850,1
998,998,0,-6202709,-6142850,1
999,999,0,-6202709,-6261353,1
1000,1000,0,-6190609,-6261353,1
1001,1001,0,-6190609,-6249015,1
1002,1002,0,-6053296,-6249015,1
1003,1003,0,-6053296,-6110355,1
1004,1004,0,-5792837,-6110355,1
1005,1005,0,-5792837,-5848140,1
1006,1006,0,-5412240,-5848140,1
1007,1007,0,-5412240,-5463817,1
1008,1008,0,-4933835,-5463817,1
1009,1009,0,-4933835,-4980518,1
1010,1010,0,-4338892,-4980518,1
1011,1011,0,-4338892,-4380226,1
1012,1012,0,-3668505,-4380226,1
1013,1013,0,-3668505,-3703772,1
1014,1014,0,-2914405,-3703772,1
1015,1015,0,-2914405,-2942444,1
1016,1016,0,-2105665,-2942444,1
1017,1017,0,-2105665,-2125971,1
1018,1018,0,-1259148,-2125971,1
1019,1019,0,-1259148,-1271759,1
1020,1020,0,-382315,-1271759,1
1021,1021,0,-382315,-385760,1
1022,1022,0,502606,-385760,1
1023,1023,0,502606,506895,1
1024,1024,1,502606,506895,0
1025,1025,0,1375999,506895,1
1026,1026,0,1375999,1388731,1
1027,1027,0,2222764,1388731,1
1028,1028,0,2222764,2243705,1
1029,1029,0,3019954,2243705,1
1030,1030,0,3019954,3048409,1
1031,1031,0,3770474,3048409,1
1032,1032,0,3770474,3805681,1
1033,1033,0,4425533,3805681,1
1034,1034,0,4425533,4467045,1
1035,1035,0,5001080,4467045,1
1036,1036,0,5001080,5047984,1
1037,1037,0,5474754,5047984,1
1038,1038,0,5474754,5526566,1
1039,1039,0,5835788,5526566,1
1040,1040,0,5835788,5891173,1
1041,1041,0,6074000,5891173,1
1042,1042,0,6074000,6130950,1
1043,1043,0,6200383,6130950,1
1044,1044,0,6200383,6259116,1
1045,1045,0,6193245,6259116,1
1046,1046,0,6193245,6251538,1
1047,1047,0,6058612,6251538,1
1048,1048,0,6058612,6116343,1
1049,1049,0,5809926,6116343,1
1050,1050,0,5809926,5864786,1
1051,1051,0,5434291,5864786,1
1052,1052,0,5434291,5485673,1
1053,1053,0,4953253,5485673,1
1054,1054,0,4953253,4999978,1
1055,1055,0,4370926,4999978,1
1056,1056,0,4370926,4412736,1
1057,1057,0,3701572,4412736,1
1058,1058,0,3701572,3736973,1
1059,1059,0,2957865,3736973,1
1060,1060,0,2957865,2986242,1
1061,1061,0,2145394,2986242,1
1062,1062,0,2145394,2166074,1
1063,1063,0,1300004,2166074,1
1064,1064,0,1300004,1312691,1
1065,1065,0,423616,1312691,1
1066,1066,0,423616,428468,1
1067,1067,0,-455910,428468,1
1068,1068,0,-455910,-459758,1
1069,1069,0,-1337648,-459758,1
1070,1070,0,-1337648,-1349862,1
1071,1071,0,-2181240,-1349862,1
1072,1072,0,-2181240,-2201478,1
1073,1073,0,-2988825,-2201478,1
1074,1074,0,-2988825,-3016462,1
1075,1075,0,-3731738,-3016462,1
1076,1076,0,-3731738,-3766660,1
1077,1077,0,-4399792,-3766660,1
1078,1078,0,-4399792,-4441030,1
1079,1079,0,-4973705,-4441030,1
1080,1080,0,-4973705,-5020713,1
1081,1081,0,-5457644,-5020713,1
1082,1082,0,-5457644,-5509347,1
1083,1083,0,-5819778,-5509347,1
1084,1084,0,-5819778,-5874386,1
1085,1085,0,-6070289,-5874386,1
1086,1086,0,-6070289,-6127220,1
1087,1087,0,-6195229,-6127220,1
1088,1088,0,-6195229,-6253744,1
1089,1089,0,-6199438,-6253744,1
1090,1090,0,-6199438,-6258345,1
1091,1091,0,-6070841,-6258345,1
1092,1092,0,-6070841,-6128183,1
1093,1093,0,-5820000,-6128183,1
1094,1094,0,-5820000,-5875103,1
1095,1095,0,-5455251,-5875103,1
1096,1096,0,-5455251,-5506580,1
1097,1097,0,-4979334,-5506580,1
1098,1098,0,-4979334,-5026455,1
1099,1099,0,-4402698,-5026455,1
1100,1100,0,-4402698,-4444650,1
1101,1101,0,-3738610,-4444650,1
1102,1102,0,-3738610,-3774049,1
1103,1103,0,-2992453,-3774049,1
1104,1104,0,-2992453,-3020891,1
1105,1105,0,-2189049,-3020891,1
1106,1106,0,-2189049,-2210527,1
1107,1107,0,-1345474,-2210527,1
1108,1108,0,-1345474,-1358568,1
1109,1109,0,-468177,-1358568,1
1110,1110,0,-468177,-473062,1
1111,1111,0,420040,-473062,1
1112,1112,0,420040,423796,1
1113,1113,0,1295565,423796,1
1114,1114,0,1295565,1307491,1
1115,1115,0,2142007,1307491,1
1116,1116,0,2142007,2161844,1
1117,1117,0,2947504,2161844,1
1118,1118,0,2947504,2974907,1
1119,1119,0,3694753,2974907,1
1120,1120,0,3694753,3729378,1
1121,1121,0,4368137,3729378,1
1122,1122,0,4368137,4409226,1
1123,1123,0,4950526,4409226,1
1124,1124,0,4950526,4997079,1
1125,1125,0,5432653,4997079,1
1126,1126,0,5432653,5483992,1
1127,1127,0,5806123,5483992,1
1128,1128,0,5806123,5860832,1
1129,1129,0,6059239,5860832,1
1130,1130,0,6059239,6116348,1
1131,1131,0,6190931,6116348,1
1132,1132,0,6190931,6249494,1
1133,1133,0,6198838,6249494,1
1134,1134,0,6198838,6257719,1
1135,1135,0,6081960,6257719,1
1136,1136,0,6081960,6139335,1
1137,1137,0,5834410,6139335,1
1138,1138,0,5834410,5889631,1
1139,1139,0,5472647,5889631,1
1140,1140,0,5472647,5524537,1
1141,1141,0,5009522,5524537,1
1142,1142,0,5009522,5057131,1
1143,1143,0,4429245,5057131,1
1144,1144,0,4429245,4471233,1
1145,1145,0,3772087,4471233,1
1146,1146,0,3772087,3807777,1
1147,1147,0,3028240,3807777,1
1148,1148,0,3028240,3056927,1
1149,1149,0,2232577,3056927,1
1150,1150,0,2232577,2254543,1
1151,1151,0,1379621,2254543,1
1152,1152,0,1379621,1393038,1
1153,1153,0,507786,1393038,1
1154,1154,0,507786,512607,1
1155,1155,0,-373507,512607,1
1156,1156,0,-373507,-376676,1
1157,1157,0,-1247663,-376676,1
1158,1158,0,-1247663,-1259113,1
1159,1159,0,-2101823,-1259113,1
1160,1160,0,-2101823,-2121423,1
1161,1161,0,-2911441,-2121423,1
1162,1162,0,-2911441,-2938192,1
1163,1163,0,-3659922,-2938192,1
1164,1164,0,-3659922,-3694325,1
1165,1165,0,-4343427,-3694325,1
1166,1166,0,-4343427,-4384056,1
1167,1167,0,-4917188,-4384056,1
1168,1168,0,-4917188,-4963466,1
1169,1169,0,-5413150,-4963466,1
1170,1170,0,-5413150,-5464238,1
1171,1171,0,-5784631,-5464238,1
1172,1172,0,-5784631,-5839519,1
1173,1173,0,-6050974,-5839519,1
1174,1174,0,-6050974,-6108256,1
1175,1175,0,-6186455,-6108256,1
1176,1176,0,-6186455,-6244690,1
1177,1177,0,-6201113,-6244690,1
1178,1178,0,-6201113,-6259469,1
1179,1179,0,-6091100,-6259469,1
1180,1180,0,-6091100,-6148876,1
1181,1181,0,-5852642,-6148876,1
1182,1182,0,-5852642,-5907960,1
1183,1183,0,-5499722,-5907960,1
1184,1184,0,-5499722,-5552111,1
1185,1185,0,-5027645,-5552111,1
1186,1186,0,-5027645,-5075349,1
1187,1187,0,-4460540,-5075349,1
1188,1188,0,-4460540,-4502825,1
1189,1189,0,-3797337,-4502825,1
1190,1190,0,-3797337,-3833610,1
1191,1191,0,-3069591,-3833610,1
1192,1192,0,-3069591,-3098749,1
1193,1193,0,-2267392,-3098749,1
1194,1194,0,-2267392,-2288959,1
1195,1195,0,-1424178,-2288959,1
1196,1196,0,-1424178,-1438213,1
1197,1197,0,-553870,-1438213,1
1198,1198,0,-553870,-559481,1
1199,1199,0,332267,-559481,1
1200,1200,0,332267,334971,1
1201,1201,0,1209922,334971,1
1202,1202,0,1209922,1221017,1
1203,1203,0,2064929,1221017,1
1204,1204,0,2064929,2083917,1
1205,1205,0,2871784,2083917,1
1206,1206,0,2871784,2898805,1
1207,1207,0,3629340,2898805,1
1208,1208,0,3629340,3663646,1
1209,1209,0,4305775,3663646,1
1210,1210,0,4305775,4346165,1
1211,1211,0,4898918,4346165,1
1212,1212,0,4898918,4944853,1
1213,1213,0,5389442,4944853,1
1214,1214,0,5389442,5440356,1
1215,1215,0,5774695,5440356,1
1216,1216,0,5774695,5829001,1
1217,1217,0,6040692,5829001,1
1218,1218,0,6040692,6097990,1
1219,1219,0,6186290,6097990,1
1220,1220,0,6186290,6245061,1
1221,1221,0,6206479,6245061,1
1222,1222,0,6206479,6264732,1
1223,1223,0,6093498,6264732,1
1224,1224,0,6093498,6151007,1
1225,1225,0,5869225,6151007,1
1226,1226,0,5869225,5924753,1
1227,1227,0,5515634,5924753,1
1228,1228,0,5515634,5567735,1
1229,1229,0,5058496,5567735,1
1230,1230,0,5058496,5106191,1
1231,1231,0,4490168,5106191,1
1232,1232,0,4490168,4532909,1
1233,1233,0,3836691,4532909,1
1234,1234,0,3836691,3873533,1
1235,1235,0,3109470,3873533,1
1236,1236,0,3109470,3138944,1
1237,1237,0,2309675,3138944,1
1238,1238,0,2309675,2332014,1
1239,1239,0,1471477,2332014,1
1240,1240,0,1471477,1485572,1
1241,1241,0,590676,1485572,1
1242,1242,0,590676,596707,1
1243,1243,0,-288092,596707,1
1244,1244,0,-288092,-290790,1
1245,1245,0,-1167450,-290790,1
1246,1246,0,-1167450,-1178329,1
1247,1247,0,-2022187,-1178329,1
1248,1248,0,-2022187,-2040833,1
1249,1249,0,-2835377,-2040833,1
1250,1250,0,-2835377,-2862017,1
1251,1251,0,-3592046,-2862017,1
1252,1252,0,-3592046,-3625396,1
1253,1253,0,-4272221,-3625396,1
1254,1254,0,-4272221,-4312654,1
1255,1255,0,-4869826,-4312654,1
1256,1256,0,-4869826,-4915952,1
1257,1257,0,-5368653,-4915952,1
1258,1258,0,-5368653,-5418939,1
1259,1259,0,-5761223,-5418939,1
1260,1260,0,-5761223,-5815533,1
1261,1261,0,-6026732,-5815533,1
1262,1262,0,-6026732,-6083497,1
1263,1263,0,-6182589,-6083497,1
1264,1264,0,-6182589,-6241410,1
1265,1265,0,-6208427,-6241410,1
1266,1266,0,-6208427,-6267002,1
1267,1267,0,-6101979,-6267002,1
1268,1268,0,-6101979,-6159925,1
1269,1269,0,-5880696,-6159925,1
1270,1270,0,-5880696,-5936694,1
1271,1271,0,-5533738,-5936694,1
1272,1272,0,-5533738,-5586197,1
1273,1273,0,-5081816,-5586197,1
1274,1274,0,-5081816,-5130287,1
1275,1275,0,-4523599,-5130287,1
1276,1276,0,-4523599,-4566325,1
1277,1277,0,-3871035,-4566325,1
1278,1278,0,-3871035,-3907789,1
1279,1279,0,-3140731,-3907789,1
1280,1280,0,-3140731,-3170822,1
1281,1281,0,-2348571,-3170822,1
1282,1282,0,-2348571,-2370866,1
1283,1283,0,-1508567,-2370866,1
1284,1284,0,-1508567,-1523286,1
1285,1285,0,-637131,-1523286,1
1286,1286,0,-637131,-643758,1
1287,1287,0,247739,-643758,1
1288,1288,0,247739,249739,1
1289,1289,0,1127559,249739,1
1290,1290,0,1127559,1137735,1
1291,1291,0,1980387,1137735,1
1292,1292,0,1980387,1999200,1
1293,1293,0,2798724,1999200,1
1294,1294,0,2798724,2825099,1
1295,1295,0,3557195,2825099,1
1296,1296,0,3557195,3590901,1
1297,1297,0,4245948,3590901,1
1298,1298,0,4245948,4285805,1
1299,1299,0,4843000,4285805,1
1300,1300,0,4843000,4888911,1
1301,1301,0,5347736,4888911,1
1302,1302,0,5347736,5398133,1
1303,1303,0,5744705,5398133,1
1304,1304,0,5744705,5798751,1
1305,1305,0,6021727,5798751,1
1306,1306,0,6021727,6078421,1
1307,1307,0,6175418,6078421,1
1308,1308,0,6175418,6233395,1
1309,1309,0,6209784,6233395,1
1310,1310,0,6209784,6268694,1
1311,1311,0,6108308,6268694,1
1312,1312,0,6108308,6165849,1
1313,1313,0,5894502,6165849,1
1314,1314,0,5894502,5950036,1
1315,1315,0,5553599,5950036,1
1316,1316,0,5553599,5606790,1
1317,1317,0,5107149,5606790,1
1318,1318,0,5107149,5154789,1
1319,1319,0,4553600,5154789,1
1320,1320,0,4553600,4596926,1
1321,1321,0,3901263,4596926,1
1322,1322,0,3901263,3938641,1
1323,1323,0,3180681,3938641,1
1324,1324,0,3180681,3210896,1
1325,1325,0,2385277,3210896,1
1326,1326,0,2385277,2408009,1
1327,1327,0,1556436,2408009,1
1328,1328,0,1556436,1571150,1
1329,1329,0,683686,1571150,1
1330,1330,0,683686,690715,1
1331,1331,0,-203947,690715,1
1332,1332,0,-203947,-205457,1
1333,1333,0,-1085006,-205457,1
1334,1334,0,-1085006,-1095166,1
1335,1335,0,-1943585,-1095166,1
1336,1336,0,-1943585,-1961733,1
1337,1337,0,-2753136,-1961733,1
1338,1338,0,-2753136,-2778771,1
1339,1339,0,-3522276,-2778771,1
1340,1340,0,-3522276,-3555039,1
1341,1341,0,-4211885,-3555039,1
1342,1342,0,-4211885,-4251318,1
1343,1343,0,-4816247,-4251318,1
1344,1344,0,-4816247,-4861182,1
1345,1345,0,-5325344,-4861182,1
1346,1346,0,-5325344,-5375274,1
1347,1347,0,-5727592,-5375274,1
1348,1348,0,-5727592,-5781662,1
1349,1349,0,-6011051,-5781662,1
1350,1350,0,-6011051,-6067978,1
1351,1351,0,-6169778,-6067978,1
1352,1352,0,-6169778,-6228109,1
1353,1353,0,-6210021,-6228109,1
1354,1354,0,-6210021,-6268513,1
1355,1355,0,-6117597,-6268513,1
1356,1356,0,-6117597,-6175761,1
1357,1357,0,-5907840,-6175761,1
1358,1358,0,-5907840,-5963692,1
1359,1359,0,-5573162,-5963692,1
1360,1360,0,-5573162,-5626136,1
1361,1361,0,-5124974,-5626136,1
1362,1362,0,-5124974,-5173839,1
1363,1363,0,-4579899,-5173839,1
1364,1364,0,-4579899,-4623666,1
1365,1365,0,-3940067,-4623666,1
1366,1366,0,-3940067,-3977582,1
1367,1367,0,-3216574,-3977582,1
1368,1368,0,-3216574,-3247608,1
1369,1369,0,-2428571,-3247608,1
1370,1370,0,-2428571,-2452026,1
1371,1371,0,-1589370,-2452026,1
1372,1372,0,-1589370,-1604617,1
1373,1373,0,-719854,-1604617,1
1374,1374,0,-719854,-726769,1
1375,1375,0,159996,-726769,1
1376,1376,0,159996,160932,1
1377,1377,0,1043053,160932,1
1378,1378,0,1043053,1052764,1
1379,1379,0,1900349,1052764,1
1380,1380,0,1900349,1917971,1
1381,1381,0,2720005,1917971,1
1382,1382,0,2720005,2745205,1
1383,1383,0,3485723,2745205,1
1384,1384,0,3485723,3518166,1
1385,1385,0,4182016,3518166,1
1386,1386,0,4182016,4221098,1
1387,1387,0,4795436,4221098,1
1388,1388,0,4795436,4840817,1
1389,1389,0,5299708,4840817,1
1390,1390,0,5299708,5349821,1
1391,1391,0,5704441,5349821,1
1392,1392,0,5704441,5758626,1
1393,1393,0,6002871,5758626,1
1394,1394,0,6002871,6059513,1
1395,1395,0,6173985,6059513,1
1396,1396,0,6173985,6232251,1
1397,1397,0,6209877,6232251,1
1398,1398,0,6209877,6268402,1
1399,1399,0,6129371,6268402,1
1400,1400,0,6129371,6187459,1
1401,1401,0,5919643,6187459,1
1402,1402,0,5919643,5975375,1
1403,1403,0,5589461,5975375,1
1404,1404,0,5589461,5642187,1
1405,1405,0,5155364,5642187,1
1406,1406,0,5155364,5204029,1
1407,1407,0,4606030,5204029,1
1408,1408,0,4606030,4649977,1
1409,1409,0,3970148,4649977,1
1410,1410,0,3970148,4008093,1
1411,1411,0,3255336,4008093,1
1412,1412,0,3255336,3286168,1
1413,1413,0,2466748,3286168,1
1414,1414,0,2466748,2490351,1
1415,1415,0,1630911,2490351,1
1416,1416,0,1630911,1646727,1
1417,1417,0,766203,1646727,1
1418,1418,0,766203,773079,1
1419,1419,0,-113975,773079,1
1420,1420,0,-113975,-115170,1
1421,1421,0,-997127,-115170,1
1422,1422,0,-997127,-1006401,1
1423,1423,0,-1858362,-1006401,1
1424,1424,0,-1858362,-1875294,1
1425,1425,0,-2683899,-1875294,1
1426,1426,0,-2683899,-2708721,1
1427,1427,0,-3450827,-2708721,1
1428,1428,0,-3450827,-3483205,1
1429,1429,0,-4141510,-3483205,1
1430,1430,0,-4141510,-4180488,1
1431,1431,0,-4765122,-4180488,1
1432,1432,0,-4765122,-4809713,1
1433,1433,0,-5283683,-4809713,1
1434,1434,0,-5283683,-5333626,1
1435,1435,0,-5688642,-5333626,1
1436,1436,0,-5688642,-5742217,1
1437,1437,0,-5992211,-5742217,1
1438,1438,0,-5992211,-6048837,1
1439,1439,0,-6160402,-6048837,1
1440,1440,0,-6160402,-6218359,1
1441,1441,0,-6211800,-6218359,1
1442,1442,0,-6211800,-6270326,1
1443,1443,0,-6134569,-6270326,1
1444,1444,0,-6134569,-6192396,1
1445,1445,0,-5931061,-6192396,1
1446,1446,0,-5931061,-5987534,1
1447,1447,0,-5611997,-5987534,1
1448,1448,0,-5611997,-5665008,1
1449,1449,0,-5176536,-5665008,1
1450,1450,0,-5176536,-5225941,1
1451,1451,0,-4636623,-5225941,1
1452,1452,0,-4636623,-4680336,1
1453,1453,0,-4005146,-4680336,1
1454,1454,0,-4005146,-4042608,1
1455,1455,0,-3289107,-4042608,1
1456,1456,0,-3289107,-3320717,1
1457,1457,0,-2499333,-3320717,1
1458,1458,0,-2499333,-2523124,1
1459,1459,0,-1675265,-2523124,1
1460,1460,0,-1675265,-1690894,1
1461,1461,0,-807862,-1690894,1
1462,1462,0,-807862,-815917,1
1463,1463,0,76361,-815917,1
1464,1464,0,76361,76655,1
1465,1465,0,956108,76655,1
1466,1466,0,956108,965283,1
1467,1467,0,1817964,965283,1
1468,1468,0,1817964,1834829,1
1469,1469,0,2644137,1834829,1
1470,1470,0,2644137,2668491,1
1471,1471,0,3415530,2668491,1
1472,1472,0,3415530,3446944,1
1473,1473,0,4114158,3446944,1
1474,1474,0,4114158,4152627,1
1475,1475,0,4736834,4152627,1
1476,1476,0,4736834,4781365,1
1477,1477,0,5262047,4781365,1
1478,1478,0,5262047,5311489,1
1479,1479,0,5672689,5311489,1
1480,1480,0,5672689,5725972,1
1481,1481,0,5975124,5725972,1
1482,1482,0,5975124,6031250,1
1483,1483,0,6155754,6031250,1
1484,1484,0,6155754,6213946,1
1485,1485,0,6211266,6213946,1
1486,1486,0,6211266,6270186,1
1487,1487,0,6144763,6270186,1
1488,1488,0,6144763,6203333,1
1489,1489,0,5938242,6203333,1
1490,1490,0,5938242,5994161,1
1491,1491,0,5630013,5994161,1
1492,1492,0,5630013,5683278,1
1493,1493,0,5210178,5683278,1
1494,1494,0,5210178,5259521,1
1495,1495,0,4670337,5259521,1
1496,1496,0,4670337,4714377,1
1497,1497,0,4036231,4714377,1
1498,1498,0,4036231,4074670,1
1499,1499,0,3323757,4074670,1
1500,1500,0,3323757,3355181,1
1501,1501,0,2543197,3355181,1
1502,1502,0,2543197,2567176,1
1503,1503,0,1716327,2567176,1
1504,1504,0,1716327,1732625,1
1505,1505,0,849814,1732625,1
1506,1506,0,849814,858335,1
1507,1507,0,-29473,858335,1
1508,1508,0,-29473,-29721,1
1509,1509,0,-911335,-29721,1
1510,1510,0,-911335,-919766,1
1511,1511,0,-1780894,-919766,1
1512,1512,0,-1780894,-1797607,1
1513,1513,0,-2602475,-1797607,1
1514,1514,0,-2602475,-2626394,1
1515,1515,0,-3378796,-2626394,1
1516,1516,0,-3378796,-3410253,1
1517,1517,0,-4080561,-3410253,1
1518,1518,0,-4080561,-4119285,1
1519,1519,0,-4710549,-4119285,1
1520,1520,0,-4710549,-4754831,1
1521,1521,0,-5234850,-4754831,1
1522,1522,0,-5234850,-5283844,1
1523,1523,0,-5659512,-5283844,1
1524,1524,0,-5659512,-5712915,1
1525,1525,0,-5964214,-5712915,1
1526,1526,0,-5964214,-6020225,1
1527,1527,0,-6147851,-6020225,1
1528,1528,0,-6147851,-6206242,1
1529,1529,0,-6211729,-6206242,1
1530,1530,0,-6211729,-6269995,1
1531,1531,0,-6146126,-6269995,1
1532,1532,0,-6146126,-6204414,1
1533,1533,0,-5960213,-6204414,1
1534,1534,0,-5960213,-6017135,1
1535,1535,0,-5650616,-6017135,1
1536,1536,0,-5650616,-5704256,1
1537,1537,0,-5224186,-5704256,1
1538,1538,0,-5224186,-5273914,1
1539,1539,0,-4693285,-5273914,1
1540,1540,0,-4693285,-4737325,1
1541,1541,0,-4067313,-4737325,1
1542,1542,0,-4067313,-4106141,1
1543,1543,0,-3359615,-4106141,1
1544,1544,0,-3359615,-3392264,1
1545,1545,0,-2585361,-3392264,1
1546,1546,0,-2585361,-2609811,1
1547,1547,0,-1753913,-2609811,1
1548,1548,0,-1753913,-1771057,1
1549,1549,0,-888952,-1771057,1
1550,1550,0,-888952,-897676,1
1551,1551,0,-12267,-897676,1
1552,1552,0,-12267,-12950,1
1553,1553,0,872254,-12950,1
1554,1554,0,872254,880157,1
1555,1555,0,1737094,880157,1
1556,1556,0,1737094,1752937,1
1557,1557,0,2566954,1752937,1
1558,1558,0,2566954,2590750,1
1559,1559,0,3344055,2590750,1
1560,1560,0,3344055,3375094,1
1561,1561,0,4054094,3375094,1
1562,1562,0,4054094,4092318,1
1563,1563,0,4679897,4092318,1
1564,1564,0,4679897,4723785,1
1565,1565,0,5212854,4723785,1
1566,1566,0,5212854,5261951,1
1567,1567,0,5637115,5261951,1
1568,1568,0,5637115,5690697,1
1569,1569,0,5955281,5690697,1
1570,1570,0,5955281,6011575,1
1571,1571,0,6141751,6011575,1
1572,1572,0,6141751,6199867,1
1573,1573,0,6212175,6199867,1
1574,1574,0,6212175,6270738,1
1575,1575,0,6153881,6270738,1
1576,1576,0,6153881,6211985,1
1577,1577,0,5969509,6211985,1
1578,1578,0,5969509,6025693,1
1579,1579,0,5668176,6025693,1
1580,1580,0,5668176,5721672,1
1581,1581,0,5246682,5721672,1
1582,1582,0,5246682,5296698,1
1583,1583,0,4723134,5296698,1
1584,1584,0,4723134,4767794,1
1585,1585,0,4102645,4767794,1
1586,1586,0,4102645,4141564,1
1587,1587,0,3395101,4141564,1
1588,1588,0,3395101,3427225,1
1589,1589,0,2626664,3427225,1
1590,1590,0,2626664,2651436,1
1591,1591,0,1795055,2651436,1
1592,1592,0,1795055,1812221,1
1593,1593,0,936531,1812221,1
1594,1594,0,936531,945293,1
1595,1595,0,54055,945293,1
1596,1596,0,54055,54099,1
1597,1597,0,-829186,54099,1
1598,1598,0,-829186,-837067,1
1599,1599,0,-1694302,-837067,1
1600,1600,0,-1694302,-1710196,1
1601,1601,0,-2525610,-1710196,1
1602,1602,0,-2525610,-2548815,1
1603,1603,0,-3309942,-2548815,1
1604,1604,0,-3309942,-3340732,1
1605,1605,0,-4015711,-3340732,1
1606,1606,0,-4015711,-4052964,1
1607,1607,0,-4648080,-4052964,1
1608,1608,0,-4648080,-4691687,1
1609,1609,0,-5190220,-4691687,1
1610,1610,0,-5190220,-5239662,1
1611,1611,0,-5621001,-5239662,1
1612,1612,0,-5621001,-5674591,1
1613,1613,0,-5939595,-5674591,1
1614,1614,0,-5939595,-5995592,1
1615,1615,0,-6140177,-5995592,1
1616,1616,0,-6140177,-6198482,1
1617,1617,0,-6209423,-6198482,1
1618,1618,0,-6209423,-6268330,1
1619,1619,0,-6156991,-6268330,1
1620,1620,0,-6156991,-6215460,1
1621,1621,0,-5981606,-6215460,1
1622,1622,0,-5981606,-6038447,1
1623,1623,0,-5685703,-6038447,1
1624,1624,0,-5685703,-5739263,1
1625,1625,0,-5272831,-5739263,1
1626,1626,0,-5272831,-5323015,1
1627,1627,0,-4746041,-5323015,1
1628,1628,0,-4746041,-4791097,1
1629,1629,0,-4131228,-4791097,1
1630,1630,0,-4131228,-4170590,1
1631,1631,0,-3433260,-4170590,1
1632,1632,0,-3433260,-3466144,1
1633,1633,0,-2659154,-3466144,1
1634,1634,0,-2659154,-2684418,1
1635,1635,0,-1839514,-2684418,1
1636,1636,0,-1839514,-1857298,1
1637,1637,0,-978046,-1857298,1
1638,1638,0,-978046,-987526,1
1639,1639,0,-92283,-987526,1
1640,1640,0,-92283,-94071,1
1641,1641,0,784267,-94071,1
1642,1642,0,784267,791458,1
1643,1643,0,1657485,791458,1
1644,1644,0,1657485,1672787,1
1645,1645,0,2487736,1672787,1
1646,1646,0,2487736,2510749,1
1647,1647,0,3269277,2510749,1
1648,1648,0,3269277,3300016,1
1649,1649,0,3987599,3300016,1
1650,1650,0,3987599,4024932,1
1651,1651,0,4622771,4024932,1
1652,1652,0,4622771,4665923,1
1653,1653,0,5165206,4665923,1
1654,1654,0,5165206,5213646,1
1655,1655,0,5603291,5213646,1
1656,1656,0,5603291,5655396,1
1657,1657,0,5927924,5655396,1
1658,1658,0,5927924,5984076,1
1659,1659,0,6136069,5984076,1
1660,1660,0,6136069,6194022,1
1661,1661,0,6206415,6194022,1
1662,1662,0,6206415,6264819,1
1663,1663,0,6167329,6264819,1
1664,1664,0,6167329,6225250,1
1665,1665,0,5993075,6225250,1
1666,1666,0,5993075,6049915,1
1667,1667,0,5697733,6049915,1
1668,1668,0,5697733,5751534,1
1669,1669,0,5292197,5751534,1
1670,1670,0,5292197,5342397,1
1671,1671,0,4778029,5342397,1
1672,1672,0,4778029,4823191,1
1673,1673,0,4161529,4823191,1
1674,1674,0,4161529,4201281,1
1675,1675,0,3471439,4201281,1
1676,1676,0,3471439,3504541,1
1677,1677,0,2703425,3504541,1
1678,1678,0,2703425,2729671,1
1679,1679,0,1880079,2729671,1
1680,1680,0,1880079,1898455,1
1681,1681,0,1020079,1898455,1
1682,1682,0,1020079,1029883,1
1683,1683,0,139935,1029883,1
1684,1684,0,139935,141496,1
1685,1685,0,-748377,141496,1
1686,1686,0,-748377,-755286,1
1687,1687,0,-1611527,-755286,1
1688,1688,0,-1611527,-1626332,1
1689,1689,0,-2449905,-1626332,1
1690,1690,0,-2449905,-2472641,1
1691,1691,0,-3232461,-2472641,1
1692,1692,0,-3232461,-3263021,1
1693,1693,0,-3952276,-3263021,1
1694,1694,0,-3952276,-3989719,1
1695,1695,0,-4592426,-3989719,1
1696,1696,0,-4592426,-4635805,1
1697,1697,0,-5142191,-4635805,1
1698,1698,0,-5142191,-5190714,1
1699,1699,0,-5584569,-5190714,1
1700,1700,0,-5584569,-5637038,1
1701,1701,0,-5913598,-5637038,1
1702,1702,0,-5913598,-5969528,1
1703,1703,0,-6121666,-5969528,1
1704,1704,0,-6121666,-6179579,1
1705,1705,0,-6208586,-6179579,1
1706,1706,0,-6208586,-6267366,1
1707,1707,0,-6169274,-6267366,1
1708,1708,0,-6169274,-6227910,1
1709,1709,0,-6005806,-6227910,1
1710,1710,0,-6005806,-6063123,1
1711,1711,0,-5713940,-6063123,1
1712,1712,0,-5713940,-5768480,1
1713,1713,0,-5315459,-5768480,1
1714,1714,0,-5315459,-5365302,1
1715,1715,0,-4804377,-5365302,1
1716,1716,0,-4804377,-4850398,1
1717,1717,0,-4196957,-4850398,1
1718,1718,0,-4196957,-4237250,1
1719,1719,0,-3500486,-4237250,1
1720,1720,0,-3500486,-3534176,1
1721,1721,0,-2742800,-3534176,1
1722,1722,0,-2742800,-2768737,1
1723,1723,0,-1919180,-2768737,1
1724,1724,0,-1919180,-1937835,1
1725,1725,0,-1060356,-1937835,1
1726,1726,0,-1060356,-1070141,1
1727,1727,0,-182802,-1070141,1
1728,1728,0,-182802,-184724,1
1729,1729,0,704428,-184724,1
1730,1730,0,704428,710375,1
1731,1731,0,1575372,710375,1
1732,1732,0,1575372,1590035,1
1733,1733,0,2406810,1590035,1
1734,1734,0,2406810,2429543,1
1735,1735,0,3200564,2429543,1
1736,1736,0,3200564,3230308,1
1737,1737,0,3921321,3230308,1
1738,1738,0,3921321,3958611,1
1739,1739,0,4565895,3958611,1
1740,1740,0,4565895,4608702,1
1741,1741,0,5114044,4608702,1
1742,1742,0,5114044,5162318,1
1743,1743,0,5568266,5162318,1
1744,1744,0,5568266,5620654,1
1745,1745,0,5904177,5620654,1
1746,1746,0,5904177,5960034,1
1747,1747,0,6116764,5960034,1
1748,1748,0,6116764,6174580,1
1749,1749,0,6208730,6174580,1
1750,1750,0,6208730,6267238,1
1751,1751,0,6176555,6267238,1
1752,1752,0,6176555,6234917,1
1753,1753,0,6012612,6234917,1
1754,1754,0,6012612,6069633,1
1755,1755,0,5734199,6069633,1
1756,1756,0,5734199,5788449,1
1757,1757,0,5335971,5788449,1
1758,1758,0,5335971,5386857,1
1759,1759,0,4833833,5386857,1
1760,1760,0,4833833,4879639,1
1761,1761,0,4225901,4879639,1
1762,1762,0,4225901,4266126,1
1763,1763,0,3539943,4266126,1
1764,1764,0,3539943,3573616,1
1765,1765,0,2777550,3573616,1
1766,1766,0,2777550,2803972,1
1767,1767,0,1963523,2803972,1
1768,1768,0,1963523,1982331,1
1769,1769,0,1104241,1982331,1
1770,1770,0,1104241,1115247,1
1771,1771,0,221849,1115247,1
1772,1772,0,221849,224326,1
1773,1773,0,-659397,224326,1
1774,1774,0,-659397,-664917,1
1775,1775,0,-1525501,-664917,1
1776,1776,0,-1525501,-1539695,1
1777,1777,0,-2370878,-1539695,1
1778,1778,0,-2370878,-2393337,1
1779,1779,0,-3157288,-2393337,1
1780,1780,0,-3157288,-3186558,1
1781,1781,0,-3888485,-3186558,1
1782,1782,0,-3888485,-3925174,1
1783,1783,0,-4534444,-3925174,1
1784,1784,0,-4534444,-4577120,1
1785,1785,0,-5091588,-4577120,1
1786,1786,0,-5091588,-5139376,1
1787,1787,0,-5546544,-5139376,1
1788,1788,0,-5546544,-5598977,1
1789,1789,0,-5889785,-5598977,1
1790,1790,0,-5889785,-5944975,1
1791,1791,0,-6110874,-5944975,1
1792,1792,0,-6110874,-6168690,1
1793,1793,0,-6205646,-6168690,1
1794,1794,0,-6205646,-6264311,1
1795,1795,0,-6177788,-6264311,1
1796,1796,0,-6177788,-6236263,1
1797,1797,0,-6022585,-6236263,1
1798,1798,0,-6022585,-6079858,1
1799,1799,0,-5751986,-6079858,1
1800,1800,0,-5751986,-5806672,1
1801,1801,0,-5358796,-5806672,1
1802,1802,0,-5358796,-5409539,1
1803,1803,0,-4857449,-5409539,1
1804,1804,0,-4857449,-4903767,1
1805,1805,0,-4256866,-4903767,1
1806,1806,0,-4256866,-4297439,1
1807,1807,0,-3574140,-4297439,1
1808,1808,0,-3574140,-3608585,1
1809,1809,0,-2812644,-3608585,1
1810,1810,0,-2812644,-2840212,1
1811,1811,0,-2005053,-2840212,1
1812,1812,0,-2005053,-2023911,1
1813,1813,0,-1139690,-2023911,1
1814,1814,0,-1139690,-1150813,1
1815,1815,0,-268635,-1150813,1
1816,1816,0,-268635,-271565,1
1817,1817,0,615884,-271565,1
1818,1818,0,615884,621764,1
1819,1819,0,1486700,621764,1
1820,1820,0,1486700,1500159,1
1821,1821,0,2333515,1500159,1
1822,1822,0,2333515,2355699,1
1823,1823,0,3126465,2355699,1
1824,1824,0,3126465,3155630,1
1825,1825,0,3852129,3155630,1
1826,1826,0,3852129,3888434,1
1827,1827,0,4504952,3888434,1
1828,1828,0,4504952,4547368,1
1829,1829,0,5070182,4547368,1
1830,1830,0,5070182,5117852,1
1831,1831,0,5526515,5117852,1
1832,1832,0,5526515,5579060,1
1833,1833,0,5876110,5579060,1
1834,1834,0,5876110,5931565,1
1835,1835,0,6096892,5931565,1
1836,1836,0,6096892,6154125,1
1837,1837,0,6202961,6154125,1
1838,1838,0,6202961,6261375,1
1839,1839,0,6188140,6261375,1
1840,1840,0,6188140,6246547,1
1841,1841,0,6036200,6246547,1
1842,1842,0,6036200,6093050,1
1843,1843,0,5768200,6093050,1
1844,1844,0,5768200,5822290,1
1845,1845,0,5378284,5822290,1
1846,1846,0,5378284,5429204,1
1847,1847,0,4883633,5429204,1
1848,1848,0,4883633,4929746,1
1849,1849,0,4291146,4929746,1
1850,1850,0,4291146,4332051,1
1851,1851,0,3616755,4332051,1
1852,1852,0,3616755,3651104,1
1853,1853,0,2852871,3651104,1
1854,1854,0,2852871,2879988,1
1855,1855,0,2043370,2879988,1
1856,1856,0,2043370,2063349,1
1857,1857,0,1187143,2063349,1
1858,1858,0,1187143,1198363,1
1859,1859,0,308743,1198363,1
1860,1860,0,308743,312176,1
1861,1861,0,-573257,312176,1
1862,1862,0,-573257,-578153,1
1863,1863,0,-1447058,-578153,1
1864,1864,0,-1447058,-1460562,1
1865,1865,0,-2289649,-1460562,1
1866,1866,0,-2289649,-2310978,1
1867,1867,0,-3085577,-2310978,1
1868,1868,0,-3085577,-3114412,1
1869,1869,0,-3818675,-3114412,1
1870,1870,0,-3818675,-3854065,1
1871,1871,0,-4472086,-3854065,1
1872,1872,0,-4472086,-4513863,1
1873,1873,0,-5042629,-4513863,1
1874,1874,0,-5042629,-5090180,1
1875,1875,0,-5508205,-5090180,1
1876,1876,0,-5508205,-5560046,1
1877,1877,0,-5864630,-5560046,1
1878,1878,0,-5864630,-5920002,1
1879,1879,0,-6093882,-5920002,1
1880,1880,0,-6093882,-6151001,1
1881,1881,0,-6200113,-6151001,1
1882,1882,0,-6200113,-6258223,1
1883,1883,0,-6186737,-6258223,1
1884,1884,0,-6186737,-6245310,1
1885,1885,0,-6044495,-6245310,1
1886,1886,0,-6044495,-6101374,1
1887,1887,0,-5779735,-6101374,1
1888,1888,0,-5779735,-5834882,1
1889,1889,0,-5400352,-5834882,1
1890,1890,0,-5400352,-5451295,1
1891,1891,0,-4913524,-5451295,1
1892,1892,0,-4913524,-4960240,1
1893,1893,0,-4318940,-4960240,1
1894,1894,0,-4318940,-4360406,1
1895,1895,0,-3640733,-4360406,1
1896,1896,0,-3640733,-3675117,1
1897,1897,0,-2894721,-3675117,1
1898,1898,0,-2894721,-2922356,1
1899,1899,0,-2082379,-2922356,1
1900,1900,0,-2082379,-2102179,1
1901,1901,0,-1229863,-2102179,1
1902,1902,0,-1229863,-1241531,1
1903,1903,0,-350240,-1241531,1
1904,1904,0,-350240,-353597,1
1905,1905,0,527893,-353597,1
1906,1906,0,527893,532597,1
1907,1907,0,1409541,532597,1
1908,1908,0,1409541,1422571,1
1909,1909,0,2250860,1422571,1
1910,1910,0,2250860,2271575,1
1911,1911,0,3051569,2271575,1
1912,1912,0,3051569,3080445,1
1913,1913,0,3786408,3080445,1
1914,1914,0,3786408,3821982,1
1915,1915,0,4446788,3821982,1
1916,1916,0,4446788,4488110,1
1917,1917,0,5015732,4488110,1
1918,1918,0,5015732,5062943,1
1919,1919,0,5486447,5062943,1
1920,1920,0,5486447,5538156,1
1921,1921,0,5849558,5538156,1
1922,1922,0,5849558,5904791,1
1923,1923,0,6086093,5904791,1
1924,1924,0,6086093,6143724,1
1925,1925,0,6202336,6143724,1
1926,1926,0,6202336,6260336,1
1927,1927,0,6189834,6260336,1
1928,1928,0,6189834,6248427,1
1929,1929,0,6056146,6248427,1
1930,1930,0,6056146,6113442,1
1931,1931,0,5797511,6113442,1
1932,1932,0,5797511,5852077,1
1933,1933,0,5423562,5852077,1
1934,1934,0,5423562,5474416,1
1935,1935,0,4937402,5474416,1
1936,1936,0,4937402,4984598,1
1937,1937,0,4351507,4984598,1
1938,1938,0,4351507,4393102,1
1939,1939,0,3679520,4393102,1
1940,1940,0,3679520,3714948,1
1941,1941,0,2931565,3714948,1
1942,1942,0,2931565,2959480,1
1943,1943,0,2122331,2959480,1
1944,1944,0,2122331,2142455,1
1945,1945,0,1271006,2142455,1
1946,1946,0,1271006,1283177,1
1947,1947,0,395466,1283177,1
1948,1948,0,395466,399096,1
1949,1949,0,-487975,399096,1
1950,1950,0,-487975,-492145,1
1951,1951,0,-1359721,-492145,1
1952,1952,0,-1359721,-1372459,1
1953,1953,0,-2208389,-1372459,1
1954,1954,0,-2208389,-2229080,1
1955,1955,0,-3011614,-2229080,1
1956,1956,0,-3011614,-3039821,1
1957,1957,0,-3757474,-3039821,1
1958,1958,0,-3757474,-3792699,1
1959,1959,0,-4416327,-3792699,1
1960,1960,0,-4416327,-4457787,1
1961,1961,0,-4993221,-4457787,1
1962,1962,0,-4993221,-5040612,1
1963,1963,0,-5469290,-5040612,1
1964,1964,0,-5469290,-5520536,1
1965,1965,0,-5829487,-5520536,1
1966,1966,0,-5829487,-5884653,1
1967,1967,0,-6071698,-5884653,1
1968,1968,0,-6071698,-6129070,1
1969,1969,0,-6195852,-6129070,1
1970,1970,0,-6195852,-6254512,1
1971,1971,0,-6193638,-6254512,1
1972,1972,0,-6193638,-6252269,1
1973,1973,0,-6073513,-6252269,1
1974,1974,0,-6073513,-6130854,1
1975,1975,0,-5812692,-6130854,1
1976,1976,0,-5812692,-5867982,1
1977,1977,0,-5439176,-5867982,1
1978,1978,0,-5439176,-5490888,1
1979,1979,0,-4963231,-5490888,1
1980,1980,0,-4963231,-5010122,1
1981,1981,0,-4378471,-5010122,1
1982,1982,0,-4378471,-4420602,1
1983,1983,0,-3711818,-4420602,1
1984,1984,0,-3711818,-3747402,1
1985,1985,0,-2967832,-3747402,1
1986,1986,0,-2967832,-2995992,1
1987,1987,0,-2169832,-2995992,1
1988,1988,0,-2169832,-2190765,1
1989,1989,0,-1306736,-2190765,1
1990,1990,0,-1306736,-1319487,1
1991,1991,0,-434413,-1319487,1
1992,1992,0,-434413,-438987,1
1993,1993,0,446663,-438987,1
1994,1994,0,446663,450266,1
1995,1995,0,1317809,450266,1
1996,1996,0,1317809,1329856,1
1997,1997,0,2172159,1329856,1
1998,1998,0,2172159,2191816,1
1999,1999,0,2969023,2191816,1
2000,2000,0,2969023,2996961,1
2001,2001,0,3723991,2996961,1
2002,2002,0,3723991,3758676,1
2003,2003,0,4390822,3758676,1
2004,2004,0,4390822,4431903,1
2005,2005,0,4955985,4431903,1
2006,2006,0,4955985,5001932,1
2007,2007,0,5448516,5001932,1
2008,2008,0,5448516,5499916,1
2009,2009,0,5817066,5499916,1
2010,2010,0,5817066,5871924,1
2011,2011,0,6066403,5871924,1
2012,2012,0,6066403,6123736,1
2013,2013,0,6193486,6123736,1
2014,2014,0,6193486,6252268,1
2015,2015,0,6191012,6252268,1
2016,2016,0,6191012,6249345,1
2017,2017,0,6075614,6249345,1
2018,2018,0,6075614,6132809,1
2019,2019,0,5836272,6132809,1
2020,2020,0,5836272,5891418,1
2021,2021,0,5457907,5891418,1
2022,2022,0,5457907,5509498,1
2023,2023,0,4989765,5509498,1
2024,2024,0,4989765,5037500,1
2025,2025,0,4406331,5037500,1
2026,2026,0,4406331,4448299,1
2027,2027,0,3747101,4448299,1
2028,2028,0,3747101,3782652,1
2029,2029,0,3013163,3782652,1
2030,2030,0,3013163,3042298,1
2031,2031,0,2195446,3042298,1
2032,2032,0,2195446,2216589,1
2033,2033,0,1355189,2216589,1
2034,2034,0,1355189,1367846,1
2035,2035,0,483162,1367846,1
2036,2036,0,483162,487861,1
2037,2037,0,-401498,487861,1
2038,2038,0,-401498,-404419,1
2039,2039,0,-1281638,-404419,1
2040,2040,0,-1281638,-1293434,1
2041,2041,0,-2132502,-1293434,1
2042,2042,0,-2132502,-2152138,1
2043,2043,0,-2935905,-2152138,1
2044,2044,0,-2935905,-2963515,1
2045,2045,0,-3686737,-2963515,1
2046,2046,0,-3686737,-3721501,1
2047,2047,0,-4354289,-3721501,1
